[
{
  "model": "courses.subject",
  "pk": 1,
  "fields": {
    "title": "Программирование",
    "slug": "programmirovanie"
  }
},
{
  "model": "courses.subject",
  "pk": 2,
  "fields": {
    "title": "Математика",
    "slug": "matematika"
  }
},
{
  "model": "courses.subject",
  "pk": 3,
  "fields": {
    "title": "Музыка",
    "slug": "muzyka"
  }
},
{
  "model": "courses.course",
  "pk": 1,
  "fields": {
    "owner": 1,
    "subject": 1,
    "title": "Пайтон",
    "slug": "pajton",
    "overview": "О курсе\r\nВ этом курсе по программированию на языке Python вы познакомитесь с базовыми понятиями программирования.\r\nЕдва ли возможно научиться программировать без практики, поэтому в качестве домашних заданий вам будет предложено довольно много задач, в которых вы сможете потренировать своё умение программировать.\r\nВаши решения будут проверяться автоматической системой, поэтому вы будете получать быструю обратную связь. В силу большого количества участников курса, преподаватели не смогут давать индивидуальных советов по каждой программе, но если у вас будут возникать проблемы, то их всегда можно обсудить с однокурсниками в комментариях к задачам.",
    "created": "2024-04-16T00:22:46.364Z",
    "students": [
      2,
      3,
      1,
      8,
      4,
      10
    ]
  }
},
{
  "model": "courses.module",
  "pk": 1,
  "fields": {
    "course": 1,
    "title": "Введение в курс",
    "description": "Все содержимое данного курса можно разделить на две части:\r\n\r\nТеоретические материалы\r\nПрактические задания\r\nТеоретические материалы\r\n\r\nВ данных материалах собрана вся необходимая информация для изучения языка Pythonи для выполнения практических заданий. Сами материалы состоят из 2х частей\r\n\r\nдля любителей посмотреть есть видеоматериалы\r\nдля любителей почитать есть текстовое сопровождение лекции",
    "order": 0
  }
},
{
  "model": "courses.module",
  "pk": 2,
  "fields": {
    "course": 1,
    "title": "Варианты выполнения кода",
    "description": "Что такое IDE и редакторы кода?\r\n\r\nДля любого разработчика, вне зависимости от его уровня знаний и языка программирования, главным инструментом создания кода является IDE(Integrated Development Environment, «интегрированная среда разработки») или редактор кода.\r\n\r\nIDE — это программное обеспечение, которое состоит из общих инструментов разработчика в едином удобном графическом пользовательском интерфейсе GUI(Graphical User interface).\r\n\r\nIDE объединяет несколько инструментов, специально предназначенных для разработки. Эти инструменты обычно включают в себя:\r\n\r\nредактор кода с функциями подсветки синтаксиса и автодополнения;\r\nинструменты сборки, выполнения и отладки;\r\nподдержку систем управления версиями и т.д.",
    "order": 1
  }
},
{
  "model": "courses.module",
  "pk": 3,
  "fields": {
    "course": 1,
    "title": "Переменные в Python. Оператор присваивания",
    "description": "Переменная - именованная область памяти, предназначенная для хранения значения. Переменную можно представить в виде коробочки, в которой вы можете хранить одно значение. Зная имя коробки, вы всегда можете обратиться к ее содержимому или заменить его другим значением.",
    "order": 2
  }
},
{
  "model": "courses.module",
  "pk": 4,
  "fields": {
    "course": 1,
    "title": "Экранирование и блоки raw, for, if",
    "description": "Продолжаем изучение модуля Jinja и вначале рассмотрим способы экранирования данных в строках",
    "order": 3
  }
},
{
  "model": "courses.module",
  "pk": 5,
  "fields": {
    "course": 1,
    "title": "Фильтры и макросы: macro, call",
    "description": "Продолжаем изучение модуля Jinja и подробнее рассмотрим фильтры, которые удобно применять для получения более сложных представлений. И первый часто применяемый фильтр – это sum для вычисления суммы определенной коллекции.",
    "order": 4
  }
},
{
  "model": "courses.content",
  "pk": 1,
  "fields": {
    "module": 1,
    "content_type": 23,
    "object_id": 1,
    "order": 0
  }
},
{
  "model": "courses.content",
  "pk": 2,
  "fields": {
    "module": 1,
    "content_type": 25,
    "object_id": 1,
    "order": 1
  }
},
{
  "model": "courses.content",
  "pk": 3,
  "fields": {
    "module": 1,
    "content_type": 22,
    "object_id": 1,
    "order": 2
  }
},
{
  "model": "courses.content",
  "pk": 4,
  "fields": {
    "module": 1,
    "content_type": 26,
    "object_id": 1,
    "order": 3
  }
},
{
  "model": "courses.content",
  "pk": 5,
  "fields": {
    "module": 2,
    "content_type": 23,
    "object_id": 2,
    "order": 0
  }
},
{
  "model": "courses.content",
  "pk": 6,
  "fields": {
    "module": 2,
    "content_type": 23,
    "object_id": 3,
    "order": 2
  }
},
{
  "model": "courses.content",
  "pk": 7,
  "fields": {
    "module": 2,
    "content_type": 25,
    "object_id": 2,
    "order": 1
  }
},
{
  "model": "courses.content",
  "pk": 8,
  "fields": {
    "module": 2,
    "content_type": 22,
    "object_id": 2,
    "order": 4
  }
},
{
  "model": "courses.content",
  "pk": 9,
  "fields": {
    "module": 2,
    "content_type": 23,
    "object_id": 4,
    "order": 3
  }
},
{
  "model": "courses.content",
  "pk": 10,
  "fields": {
    "module": 1,
    "content_type": 23,
    "object_id": 5,
    "order": 4
  }
},
{
  "model": "courses.content",
  "pk": 11,
  "fields": {
    "module": 1,
    "content_type": 23,
    "object_id": 6,
    "order": 5
  }
},
{
  "model": "courses.text",
  "pk": 1,
  "fields": {
    "owner": 1,
    "title": "Установка Python",
    "created": "2024-04-16T00:30:54.750Z",
    "updated": "2024-04-23T03:15:19.300Z",
    "content": "Нам необходимо установить интерпретатор Python на свой компьютер.\r\n\r\n**Интерпретатор** – это тип компьютерной программы, которая непосредственно выполняет инструкции, написанные на каком-то языке программирования или языке сценариев.\r\nДля этого Вам необходимо скачать дистрибутив на [сайте](https://www.python.org/)\r\n - это официальный сайт Python . Вам необходимо найти вкладку «Downloads »и выбрать последнюю версию. Python постоянно обновляется и актуальная версия может отличаться от представленной версии в этой инструкции. Ниже мы будет устанавливать Python 3.10"
  }
},
{
  "model": "courses.text",
  "pk": 2,
  "fields": {
    "owner": 1,
    "title": "Наследование расширение шаблонов",
    "created": "2024-04-16T18:03:28.054Z",
    "updated": "2024-04-16T18:03:28.054Z",
    "content": "На этом занятии поговорим о механизме расширения шаблонов в Jninja. Его еще называют наследованием. Это достаточно удобный инструмент, уменьшающий объем дублируемого кода в шаблонах. Рассмотрим принцип его работы на нашем примере с HTML-страницами сайта."
  }
},
{
  "model": "courses.text",
  "pk": 3,
  "fields": {
    "owner": 1,
    "title": "шаг 1",
    "created": "2024-04-16T18:04:23.293Z",
    "updated": "2024-04-16T18:04:23.293Z",
    "content": "Для простоты восприятия возьмем целостную страницу и представим ее в таком виде (файл ex_main.htm):"
  }
},
{
  "model": "courses.text",
  "pk": 4,
  "fields": {
    "owner": 1,
    "title": "текст 2",
    "created": "2024-04-16T18:25:04.007Z",
    "updated": "2024-04-16T18:28:30.942Z",
    "content": "Смотрите, здесь используется новый тип блоков – именованные блоки, которые в самом простом случае записываются по синтаксису:\r\n\r\n{% block <имя блока> %}\r\n{% endblock %}\r\n\r\nЭти блоки как раз и используются для создания расширения базового шаблона страницы ex_main.htm для создания всех страниц текущего сайта. Расширение (или наследование) шаблона делается следующим образом (файл about.htm):"
  }
},
{
  "model": "courses.text",
  "pk": 5,
  "fields": {
    "owner": 1,
    "title": "фффф",
    "created": "2024-04-16T18:30:31.293Z",
    "updated": "2024-04-16T18:30:31.293Z",
    "content": "Искусство медиапланирования синхронизирует стратегический рейтинг. Экспансия концентрирует"
  }
},
{
  "model": "courses.text",
  "pk": 6,
  "fields": {
    "owner": 1,
    "title": "аааа",
    "created": "2024-04-16T18:43:53.004Z",
    "updated": "2024-04-16T18:43:53.004Z",
    "content": "ььььььььььь"
  }
},
{
  "model": "courses.file",
  "pk": 1,
  "fields": {
    "owner": 1,
    "title": "файл",
    "created": "2024-04-16T00:37:12.890Z",
    "updated": "2024-04-16T00:37:12.890Z",
    "file": "files/see_b.ipynb"
  }
},
{
  "model": "courses.image",
  "pk": 1,
  "fields": {
    "owner": 1,
    "title": "Инструкция установки",
    "created": "2024-04-16T00:32:35.585Z",
    "updated": "2024-04-16T00:32:35.585Z",
    "file": "images/Снимок_экрана_2024-04-16_в_03.31.37.png"
  }
},
{
  "model": "courses.image",
  "pk": 2,
  "fields": {
    "owner": 1,
    "title": "изо 1",
    "created": "2024-04-16T18:05:14.143Z",
    "updated": "2024-04-16T18:05:14.143Z",
    "file": "images/Снимок_экрана_2024-04-16_в_21.04.42.png"
  }
},
{
  "model": "courses.video",
  "pk": 1,
  "fields": {
    "owner": 1,
    "title": "Python Установка на компьютер",
    "created": "2024-04-16T00:36:18.237Z",
    "updated": "2024-04-16T00:36:18.237Z",
    "url": "https://www.youtube.com/watch?reload=9&v=btuxcr7Sxw4"
  }
},
{
  "model": "courses.video",
  "pk": 2,
  "fields": {
    "owner": 1,
    "title": "видео",
    "created": "2024-04-16T18:05:51.360Z",
    "updated": "2024-04-16T18:05:51.360Z",
    "url": "https://www.youtube.com/watch?v=RYIGMcJMy6g&list=PLA0M1Bcd0w8wfmtElObQrBbZjY6XeA06U"
  }
},
{
  "model": "account.contact",
  "pk": 1,
  "fields": {
    "user_from": 3,
    "user_to": 1,
    "created": "2024-04-19T07:41:54.742Z"
  }
},
{
  "model": "account.contact",
  "pk": 2,
  "fields": {
    "user_from": 1,
    "user_to": 3,
    "created": "2024-04-19T07:45:46.844Z"
  }
},
{
  "model": "account.contact",
  "pk": 3,
  "fields": {
    "user_from": 2,
    "user_to": 1,
    "created": "2024-04-19T08:07:18.988Z"
  }
},
{
  "model": "account.contact",
  "pk": 4,
  "fields": {
    "user_from": 2,
    "user_to": 3,
    "created": "2024-04-19T08:09:40.348Z"
  }
},
{
  "model": "account.contact",
  "pk": 5,
  "fields": {
    "user_from": 3,
    "user_to": 2,
    "created": "2024-04-19T08:23:49.978Z"
  }
},
{
  "model": "account.contact",
  "pk": 6,
  "fields": {
    "user_from": 3,
    "user_to": 3,
    "created": "2024-04-19T08:25:03.090Z"
  }
},
{
  "model": "account.contact",
  "pk": 7,
  "fields": {
    "user_from": 2,
    "user_to": 8,
    "created": "2024-04-19T08:27:18.020Z"
  }
},
{
  "model": "account.contact",
  "pk": 8,
  "fields": {
    "user_from": 7,
    "user_to": 3,
    "created": "2024-04-20T01:22:19.195Z"
  }
},
{
  "model": "account.contact",
  "pk": 9,
  "fields": {
    "user_from": 7,
    "user_to": 2,
    "created": "2024-04-20T01:22:27.236Z"
  }
},
{
  "model": "account.contact",
  "pk": 10,
  "fields": {
    "user_from": 7,
    "user_to": 1,
    "created": "2024-04-20T01:22:35.637Z"
  }
},
{
  "model": "account.contact",
  "pk": 11,
  "fields": {
    "user_from": 7,
    "user_to": 8,
    "created": "2024-04-20T01:23:17.962Z"
  }
},
{
  "model": "account.contact",
  "pk": 12,
  "fields": {
    "user_from": 7,
    "user_to": 5,
    "created": "2024-04-20T01:23:23.928Z"
  }
},
{
  "model": "account.contact",
  "pk": 13,
  "fields": {
    "user_from": 7,
    "user_to": 7,
    "created": "2024-04-20T01:23:32.595Z"
  }
},
{
  "model": "account.contact",
  "pk": 14,
  "fields": {
    "user_from": 7,
    "user_to": 9,
    "created": "2024-04-20T01:24:06.949Z"
  }
},
{
  "model": "account.contact",
  "pk": 15,
  "fields": {
    "user_from": 1,
    "user_to": 8,
    "created": "2024-04-20T01:48:37.980Z"
  }
},
{
  "model": "account.contact",
  "pk": 18,
  "fields": {
    "user_from": 6,
    "user_to": 3,
    "created": "2024-04-20T01:59:16.970Z"
  }
},
{
  "model": "account.contact",
  "pk": 19,
  "fields": {
    "user_from": 6,
    "user_to": 7,
    "created": "2024-04-20T01:59:28.467Z"
  }
},
{
  "model": "account.contact",
  "pk": 20,
  "fields": {
    "user_from": 6,
    "user_to": 4,
    "created": "2024-04-20T02:00:09.548Z"
  }
},
{
  "model": "account.contact",
  "pk": 21,
  "fields": {
    "user_from": 1,
    "user_to": 6,
    "created": "2024-04-20T02:08:00.690Z"
  }
},
{
  "model": "account.contact",
  "pk": 22,
  "fields": {
    "user_from": 1,
    "user_to": 5,
    "created": "2024-04-20T03:41:45.639Z"
  }
},
{
  "model": "account.contact",
  "pk": 23,
  "fields": {
    "user_from": 1,
    "user_to": 2,
    "created": "2024-04-20T03:42:01.599Z"
  }
},
{
  "model": "account.contact",
  "pk": 24,
  "fields": {
    "user_from": 1,
    "user_to": 7,
    "created": "2024-04-20T03:42:08.246Z"
  }
},
{
  "model": "account.contact",
  "pk": 25,
  "fields": {
    "user_from": 1,
    "user_to": 9,
    "created": "2024-04-20T03:42:34.016Z"
  }
},
{
  "model": "account.contact",
  "pk": 26,
  "fields": {
    "user_from": 1,
    "user_to": 4,
    "created": "2024-04-20T17:25:06.616Z"
  }
},
{
  "model": "account.contact",
  "pk": 27,
  "fields": {
    "user_from": 4,
    "user_to": 1,
    "created": "2024-04-22T18:47:12.084Z"
  }
},
{
  "model": "account.contact",
  "pk": 28,
  "fields": {
    "user_from": 6,
    "user_to": 1,
    "created": "2024-04-22T19:04:00.176Z"
  }
},
{
  "model": "account.contact",
  "pk": 29,
  "fields": {
    "user_from": 5,
    "user_to": 1,
    "created": "2024-04-22T19:07:05.840Z"
  }
},
{
  "model": "account.contact",
  "pk": 30,
  "fields": {
    "user_from": 5,
    "user_to": 3,
    "created": "2024-04-22T19:07:12.366Z"
  }
},
{
  "model": "account.contact",
  "pk": 31,
  "fields": {
    "user_from": 5,
    "user_to": 4,
    "created": "2024-04-22T19:07:18.983Z"
  }
},
{
  "model": "admin.logentry",
  "pk": 1,
  "fields": {
    "action_time": "2024-01-28T15:04:57.999Z",
    "user": 1,
    "content_type": 11,
    "object_id": "2",
    "object_repr": "user1",
    "action_flag": 2,
    "change_message": "[{\"changed\": {\"fields\": [\"User permissions\"]}}]"
  }
},
{
  "model": "admin.logentry",
  "pk": 2,
  "fields": {
    "action_time": "2024-01-28T15:10:32.871Z",
    "user": 1,
    "content_type": 6,
    "object_id": "1",
    "object_repr": "IT Технологии",
    "action_flag": 1,
    "change_message": "[{\"added\": {}}]"
  }
},
{
  "model": "admin.logentry",
  "pk": 3,
  "fields": {
    "action_time": "2024-01-28T15:10:47.518Z",
    "user": 1,
    "content_type": 6,
    "object_id": "2",
    "object_repr": "Маркетинг",
    "action_flag": 1,
    "change_message": "[{\"added\": {}}]"
  }
},
{
  "model": "admin.logentry",
  "pk": 4,
  "fields": {
    "action_time": "2024-01-28T15:11:08.546Z",
    "user": 1,
    "content_type": 6,
    "object_id": "3",
    "object_repr": "История",
    "action_flag": 1,
    "change_message": "[{\"added\": {}}]"
  }
},
{
  "model": "admin.logentry",
  "pk": 5,
  "fields": {
    "action_time": "2024-01-28T15:11:25.856Z",
    "user": 1,
    "content_type": 7,
    "object_id": "1",
    "object_repr": "230",
    "action_flag": 1,
    "change_message": "[{\"added\": {}}]"
  }
},
{
  "model": "admin.logentry",
  "pk": 6,
  "fields": {
    "action_time": "2024-01-28T15:11:35.039Z",
    "user": 1,
    "content_type": 7,
    "object_id": "2",
    "object_repr": "330",
    "action_flag": 1,
    "change_message": "[{\"added\": {}}]"
  }
},
{
  "model": "admin.logentry",
  "pk": 7,
  "fields": {
    "action_time": "2024-01-28T15:11:50.981Z",
    "user": 1,
    "content_type": 7,
    "object_id": "3",
    "object_repr": "440",
    "action_flag": 1,
    "change_message": "[{\"added\": {}}]"
  }
},
{
  "model": "admin.logentry",
  "pk": 8,
  "fields": {
    "action_time": "2024-01-28T15:13:42.736Z",
    "user": 1,
    "content_type": 9,
    "object_id": "1",
    "object_repr": "Актуальные",
    "action_flag": 1,
    "change_message": "[{\"added\": {}}]"
  }
},
{
  "model": "admin.logentry",
  "pk": 9,
  "fields": {
    "action_time": "2024-01-28T15:13:48.580Z",
    "user": 1,
    "content_type": 9,
    "object_id": "2",
    "object_repr": "Перспективные",
    "action_flag": 1,
    "change_message": "[{\"added\": {}}]"
  }
},
{
  "model": "admin.logentry",
  "pk": 10,
  "fields": {
    "action_time": "2024-01-28T15:13:54.925Z",
    "user": 1,
    "content_type": 9,
    "object_id": "3",
    "object_repr": "Сомнительные",
    "action_flag": 1,
    "change_message": "[{\"added\": {}}]"
  }
},
{
  "model": "admin.logentry",
  "pk": 11,
  "fields": {
    "action_time": "2024-01-28T15:14:07.789Z",
    "user": 1,
    "content_type": 9,
    "object_id": "4",
    "object_repr": "Фишки",
    "action_flag": 1,
    "change_message": "[{\"added\": {}}]"
  }
},
{
  "model": "admin.logentry",
  "pk": 12,
  "fields": {
    "action_time": "2024-01-28T15:29:10.980Z",
    "user": 1,
    "content_type": 11,
    "object_id": "2",
    "object_repr": "user1",
    "action_flag": 2,
    "change_message": "[]"
  }
},
{
  "model": "admin.logentry",
  "pk": 13,
  "fields": {
    "action_time": "2024-01-28T17:55:16.049Z",
    "user": 1,
    "content_type": 11,
    "object_id": "3",
    "object_repr": "usertestemail",
    "action_flag": 2,
    "change_message": "[{\"changed\": {\"fields\": [\"User permissions\"]}}]"
  }
},
{
  "model": "admin.logentry",
  "pk": 14,
  "fields": {
    "action_time": "2024-01-28T17:57:29.679Z",
    "user": 1,
    "content_type": 11,
    "object_id": "3",
    "object_repr": "usertestemail",
    "action_flag": 2,
    "change_message": "[]"
  }
},
{
  "model": "admin.logentry",
  "pk": 15,
  "fields": {
    "action_time": "2024-01-28T19:19:46.403Z",
    "user": 1,
    "content_type": 11,
    "object_id": "2",
    "object_repr": "user1",
    "action_flag": 2,
    "change_message": "[{\"changed\": {\"fields\": [\"User permissions\"]}}]"
  }
},
{
  "model": "admin.logentry",
  "pk": 16,
  "fields": {
    "action_time": "2024-01-28T19:43:10.474Z",
    "user": 1,
    "content_type": 3,
    "object_id": "1",
    "object_repr": "Модератор",
    "action_flag": 1,
    "change_message": "[{\"added\": {}}]"
  }
},
{
  "model": "admin.logentry",
  "pk": 17,
  "fields": {
    "action_time": "2024-01-28T19:44:41.849Z",
    "user": 1,
    "content_type": 11,
    "object_id": "2",
    "object_repr": "user1",
    "action_flag": 2,
    "change_message": "[{\"changed\": {\"fields\": [\"Groups\", \"User permissions\"]}}]"
  }
},
{
  "model": "admin.logentry",
  "pk": 18,
  "fields": {
    "action_time": "2024-01-28T20:45:06.021Z",
    "user": 1,
    "content_type": 6,
    "object_id": "4",
    "object_repr": "Музыка",
    "action_flag": 1,
    "change_message": "[{\"added\": {}}]"
  }
},
{
  "model": "admin.logentry",
  "pk": 19,
  "fields": {
    "action_time": "2024-01-28T20:45:28.795Z",
    "user": 1,
    "content_type": 7,
    "object_id": "4",
    "object_repr": "230",
    "action_flag": 1,
    "change_message": "[{\"added\": {}}]"
  }
},
{
  "model": "admin.logentry",
  "pk": 20,
  "fields": {
    "action_time": "2024-01-28T20:45:40.976Z",
    "user": 1,
    "content_type": 7,
    "object_id": "5",
    "object_repr": "540",
    "action_flag": 1,
    "change_message": "[{\"added\": {}}]"
  }
},
{
  "model": "admin.logentry",
  "pk": 21,
  "fields": {
    "action_time": "2024-01-28T20:45:51.676Z",
    "user": 1,
    "content_type": 7,
    "object_id": "6",
    "object_repr": "980",
    "action_flag": 1,
    "change_message": "[{\"added\": {}}]"
  }
},
{
  "model": "admin.logentry",
  "pk": 22,
  "fields": {
    "action_time": "2024-01-28T20:46:04.593Z",
    "user": 1,
    "content_type": 7,
    "object_id": "7",
    "object_repr": "4460",
    "action_flag": 1,
    "change_message": "[{\"added\": {}}]"
  }
},
{
  "model": "admin.logentry",
  "pk": 23,
  "fields": {
    "action_time": "2024-01-28T20:46:13.852Z",
    "user": 1,
    "content_type": 7,
    "object_id": "8",
    "object_repr": "9870",
    "action_flag": 1,
    "change_message": "[{\"added\": {}}]"
  }
},
{
  "model": "admin.logentry",
  "pk": 24,
  "fields": {
    "action_time": "2024-01-28T20:46:25.222Z",
    "user": 1,
    "content_type": 7,
    "object_id": "9",
    "object_repr": "440",
    "action_flag": 1,
    "change_message": "[{\"added\": {}}]"
  }
},
{
  "model": "admin.logentry",
  "pk": 25,
  "fields": {
    "action_time": "2024-01-28T20:46:31.476Z",
    "user": 1,
    "content_type": 7,
    "object_id": "10",
    "object_repr": "660",
    "action_flag": 1,
    "change_message": "[{\"added\": {}}]"
  }
},
{
  "model": "admin.logentry",
  "pk": 26,
  "fields": {
    "action_time": "2024-01-29T21:55:43.426Z",
    "user": 1,
    "content_type": 11,
    "object_id": "6",
    "object_repr": "user_music",
    "action_flag": 2,
    "change_message": "[{\"changed\": {\"fields\": [\"Groups\"]}}]"
  }
},
{
  "model": "admin.logentry",
  "pk": 27,
  "fields": {
    "action_time": "2024-01-29T21:55:57.311Z",
    "user": 1,
    "content_type": 11,
    "object_id": "4",
    "object_repr": "user_it",
    "action_flag": 2,
    "change_message": "[{\"changed\": {\"fields\": [\"Groups\"]}}]"
  }
},
{
  "model": "admin.logentry",
  "pk": 28,
  "fields": {
    "action_time": "2024-01-29T21:56:10.365Z",
    "user": 1,
    "content_type": 11,
    "object_id": "5",
    "object_repr": "user_marketing",
    "action_flag": 2,
    "change_message": "[{\"changed\": {\"fields\": [\"Groups\"]}}]"
  }
},
{
  "model": "admin.logentry",
  "pk": 29,
  "fields": {
    "action_time": "2024-01-29T21:59:25.632Z",
    "user": 1,
    "content_type": 8,
    "object_id": "5",
    "object_repr": "Краткая биография группы The Beatles",
    "action_flag": 3,
    "change_message": ""
  }
},
{
  "model": "admin.logentry",
  "pk": 30,
  "fields": {
    "action_time": "2024-01-29T22:10:52.470Z",
    "user": 1,
    "content_type": 11,
    "object_id": "7",
    "object_repr": "user_history",
    "action_flag": 2,
    "change_message": "[{\"changed\": {\"fields\": [\"Groups\"]}}]"
  }
},
{
  "model": "admin.logentry",
  "pk": 31,
  "fields": {
    "action_time": "2024-01-29T22:47:51.638Z",
    "user": 1,
    "content_type": 8,
    "object_id": "17",
    "object_repr": "Искусственный интеллект 2023–2024: борьба за данные и открытая разработка",
    "action_flag": 2,
    "change_message": "[{\"changed\": {\"fields\": [\"\\u0422\\u0435\\u0433\\u0438\"]}}]"
  }
},
{
  "model": "admin.logentry",
  "pk": 32,
  "fields": {
    "action_time": "2024-01-29T22:48:11.988Z",
    "user": 1,
    "content_type": 8,
    "object_id": "13",
    "object_repr": "Что ждет искусственный интеллект в 2024 году",
    "action_flag": 2,
    "change_message": "[{\"changed\": {\"fields\": [\"\\u0422\\u0435\\u0433\\u0438\"]}}]"
  }
},
{
  "model": "admin.logentry",
  "pk": 33,
  "fields": {
    "action_time": "2024-03-16T22:01:24.115Z",
    "user": 1,
    "content_type": 12,
    "object_id": "2",
    "object_repr": "Комментарий, Bob, на 10 ключевых фактов о цивилизациях, сыгравших важную роль в истории Испании",
    "action_flag": 3,
    "change_message": ""
  }
},
{
  "model": "admin.logentry",
  "pk": 34,
  "fields": {
    "action_time": "2024-03-16T23:46:42.468Z",
    "user": 1,
    "content_type": 12,
    "object_id": "8",
    "object_repr": "Комментарий, Best Qlean LTD, на 10 ключевых фактов о цивилизациях, сыгравших важную роль в истории Испании",
    "action_flag": 2,
    "change_message": "[{\"changed\": {\"fields\": [\"\\u0421\\u0442\\u0430\\u0442\\u0443\\u0441\"]}}]"
  }
},
{
  "model": "admin.logentry",
  "pk": 35,
  "fields": {
    "action_time": "2024-03-16T23:47:02.181Z",
    "user": 1,
    "content_type": 12,
    "object_id": "8",
    "object_repr": "Комментарий, Best Qlean LTD, на 10 ключевых фактов о цивилизациях, сыгравших важную роль в истории Испании",
    "action_flag": 2,
    "change_message": "[{\"changed\": {\"fields\": [\"\\u0421\\u0442\\u0430\\u0442\\u0443\\u0441\"]}}]"
  }
},
{
  "model": "admin.logentry",
  "pk": 36,
  "fields": {
    "action_time": "2024-03-17T14:13:37.372Z",
    "user": 1,
    "content_type": 8,
    "object_id": "17",
    "object_repr": "Искусственный интеллект 2023–2024: борьба за данные и открытая разработка",
    "action_flag": 2,
    "change_message": "[{\"changed\": {\"fields\": [\"\\u0421\\u043e\\u0434\\u0435\\u0440\\u0436\\u0430\\u043d\\u0438\\u0435\"]}}]"
  }
},
{
  "model": "admin.logentry",
  "pk": 37,
  "fields": {
    "action_time": "2024-03-17T14:15:28.534Z",
    "user": 1,
    "content_type": 8,
    "object_id": "17",
    "object_repr": "Искусственный интеллект 2023–2024: борьба за данные и открытая разработка",
    "action_flag": 2,
    "change_message": "[{\"changed\": {\"fields\": [\"\\u0421\\u043e\\u0434\\u0435\\u0440\\u0436\\u0430\\u043d\\u0438\\u0435\"]}}]"
  }
},
{
  "model": "admin.logentry",
  "pk": 38,
  "fields": {
    "action_time": "2024-03-17T16:30:34.152Z",
    "user": 1,
    "content_type": 8,
    "object_id": "17",
    "object_repr": "Искусственный интеллект 2023–2024: борьба за данные и открытая разработка",
    "action_flag": 2,
    "change_message": "[{\"changed\": {\"fields\": [\"\\u0421\\u043e\\u0434\\u0435\\u0440\\u0436\\u0430\\u043d\\u0438\\u0435\"]}}]"
  }
},
{
  "model": "admin.logentry",
  "pk": 39,
  "fields": {
    "action_time": "2024-03-17T16:31:06.715Z",
    "user": 1,
    "content_type": 8,
    "object_id": "17",
    "object_repr": "Искусственный интеллект 2023–2024: борьба за данные и открытая разработка",
    "action_flag": 2,
    "change_message": "[{\"changed\": {\"fields\": [\"\\u0421\\u043e\\u0434\\u0435\\u0440\\u0436\\u0430\\u043d\\u0438\\u0435\"]}}]"
  }
},
{
  "model": "admin.logentry",
  "pk": 40,
  "fields": {
    "action_time": "2024-03-17T16:34:03.828Z",
    "user": 1,
    "content_type": 8,
    "object_id": "17",
    "object_repr": "Искусственный интеллект 2023–2024: борьба за данные и открытая разработка",
    "action_flag": 2,
    "change_message": "[{\"changed\": {\"fields\": [\"\\u0421\\u043e\\u0434\\u0435\\u0440\\u0436\\u0430\\u043d\\u0438\\u0435\"]}}]"
  }
},
{
  "model": "admin.logentry",
  "pk": 41,
  "fields": {
    "action_time": "2024-03-17T16:37:07.338Z",
    "user": 1,
    "content_type": 8,
    "object_id": "17",
    "object_repr": "Искусственный интеллект 2023–2024: борьба за данные и открытая разработка",
    "action_flag": 2,
    "change_message": "[{\"changed\": {\"fields\": [\"\\u0421\\u043e\\u0434\\u0435\\u0440\\u0436\\u0430\\u043d\\u0438\\u0435\"]}}]"
  }
},
{
  "model": "admin.logentry",
  "pk": 42,
  "fields": {
    "action_time": "2024-03-17T17:42:23.669Z",
    "user": 1,
    "content_type": 13,
    "object_id": "1",
    "object_repr": "localhost:8000",
    "action_flag": 2,
    "change_message": "[{\"changed\": {\"fields\": [\"Domain name\", \"Display name\"]}}]"
  }
},
{
  "model": "admin.logentry",
  "pk": 43,
  "fields": {
    "action_time": "2024-03-17T17:43:23.442Z",
    "user": 1,
    "content_type": 13,
    "object_id": "1",
    "object_repr": "localhost:8001",
    "action_flag": 2,
    "change_message": "[{\"changed\": {\"fields\": [\"Domain name\", \"Display name\"]}}]"
  }
},
{
  "model": "admin.logentry",
  "pk": 44,
  "fields": {
    "action_time": "2024-03-17T17:43:56.605Z",
    "user": 1,
    "content_type": 13,
    "object_id": "1",
    "object_repr": "localhost:8001",
    "action_flag": 2,
    "change_message": "[]"
  }
},
{
  "model": "admin.logentry",
  "pk": 45,
  "fields": {
    "action_time": "2024-03-19T20:23:48.745Z",
    "user": 1,
    "content_type": 8,
    "object_id": "17",
    "object_repr": "Искусственный интеллект 2023–2024: борьба за данные и открытая разработка",
    "action_flag": 2,
    "change_message": "[{\"changed\": {\"fields\": [\"\\u0421\\u043e\\u0434\\u0435\\u0440\\u0436\\u0430\\u043d\\u0438\\u0435\"]}}]"
  }
},
{
  "model": "admin.logentry",
  "pk": 46,
  "fields": {
    "action_time": "2024-03-19T20:24:26.966Z",
    "user": 1,
    "content_type": 8,
    "object_id": "17",
    "object_repr": "Искусственный интеллект 2023–2024: борьба за данные и открытая разработка",
    "action_flag": 2,
    "change_message": "[{\"changed\": {\"fields\": [\"\\u0421\\u043e\\u0434\\u0435\\u0440\\u0436\\u0430\\u043d\\u0438\\u0435\"]}}]"
  }
},
{
  "model": "admin.logentry",
  "pk": 47,
  "fields": {
    "action_time": "2024-03-19T20:25:11.555Z",
    "user": 1,
    "content_type": 8,
    "object_id": "17",
    "object_repr": "Искусственный интеллект 2023–2024: борьба за данные и открытая разработка",
    "action_flag": 2,
    "change_message": "[{\"changed\": {\"fields\": [\"\\u0421\\u043e\\u0434\\u0435\\u0440\\u0436\\u0430\\u043d\\u0438\\u0435\"]}}]"
  }
},
{
  "model": "admin.logentry",
  "pk": 48,
  "fields": {
    "action_time": "2024-03-19T22:53:03.467Z",
    "user": 1,
    "content_type": 11,
    "object_id": "19",
    "object_repr": "Комментарий, lemon, на Искусственный интеллект 2023–2024: борьба за данные и открытая разработка",
    "action_flag": 3,
    "change_message": ""
  }
},
{
  "model": "admin.logentry",
  "pk": 49,
  "fields": {
    "action_time": "2024-03-19T22:53:03.517Z",
    "user": 1,
    "content_type": 11,
    "object_id": "18",
    "object_repr": "Комментарий, lemon, на Искусственный интеллект 2023–2024: борьба за данные и открытая разработка",
    "action_flag": 3,
    "change_message": ""
  }
},
{
  "model": "admin.logentry",
  "pk": 50,
  "fields": {
    "action_time": "2024-03-19T22:53:03.561Z",
    "user": 1,
    "content_type": 11,
    "object_id": "17",
    "object_repr": "Комментарий, lemon, на Искусственный интеллект 2023–2024: борьба за данные и открытая разработка",
    "action_flag": 3,
    "change_message": ""
  }
},
{
  "model": "admin.logentry",
  "pk": 51,
  "fields": {
    "action_time": "2024-03-19T22:53:03.564Z",
    "user": 1,
    "content_type": 11,
    "object_id": "16",
    "object_repr": "Комментарий, lemon, на Искусственный интеллект 2023–2024: борьба за данные и открытая разработка",
    "action_flag": 3,
    "change_message": ""
  }
},
{
  "model": "admin.logentry",
  "pk": 52,
  "fields": {
    "action_time": "2024-03-19T22:53:03.572Z",
    "user": 1,
    "content_type": 11,
    "object_id": "15",
    "object_repr": "Комментарий, lemon, на Искусственный интеллект 2023–2024: борьба за данные и открытая разработка",
    "action_flag": 3,
    "change_message": ""
  }
},
{
  "model": "admin.logentry",
  "pk": 53,
  "fields": {
    "action_time": "2024-03-19T22:53:03.574Z",
    "user": 1,
    "content_type": 11,
    "object_id": "14",
    "object_repr": "Комментарий, lemon, на Искусственный интеллект 2023–2024: борьба за данные и открытая разработка",
    "action_flag": 3,
    "change_message": ""
  }
},
{
  "model": "admin.logentry",
  "pk": 54,
  "fields": {
    "action_time": "2024-03-19T22:53:03.577Z",
    "user": 1,
    "content_type": 11,
    "object_id": "13",
    "object_repr": "Комментарий, lemon, на Искусственный интеллект 2023–2024: борьба за данные и открытая разработка",
    "action_flag": 3,
    "change_message": ""
  }
},
{
  "model": "admin.logentry",
  "pk": 55,
  "fields": {
    "action_time": "2024-03-19T23:45:30.115Z",
    "user": 1,
    "content_type": 11,
    "object_id": "37",
    "object_repr": "Комментарий, lemon, на Искусственный интеллект 2023–2024: борьба за данные и открытая разработка",
    "action_flag": 3,
    "change_message": ""
  }
},
{
  "model": "admin.logentry",
  "pk": 56,
  "fields": {
    "action_time": "2024-03-19T23:45:30.161Z",
    "user": 1,
    "content_type": 11,
    "object_id": "36",
    "object_repr": "Комментарий, lemon, на Искусственный интеллект 2023–2024: борьба за данные и открытая разработка",
    "action_flag": 3,
    "change_message": ""
  }
},
{
  "model": "admin.logentry",
  "pk": 57,
  "fields": {
    "action_time": "2024-03-19T23:45:30.205Z",
    "user": 1,
    "content_type": 11,
    "object_id": "35",
    "object_repr": "Комментарий, lemon, на Искусственный интеллект 2023–2024: борьба за данные и открытая разработка",
    "action_flag": 3,
    "change_message": ""
  }
},
{
  "model": "admin.logentry",
  "pk": 58,
  "fields": {
    "action_time": "2024-03-19T23:45:30.209Z",
    "user": 1,
    "content_type": 11,
    "object_id": "34",
    "object_repr": "Комментарий, lemon, на Искусственный интеллект 2023–2024: борьба за данные и открытая разработка",
    "action_flag": 3,
    "change_message": ""
  }
},
{
  "model": "admin.logentry",
  "pk": 59,
  "fields": {
    "action_time": "2024-03-19T23:45:30.212Z",
    "user": 1,
    "content_type": 11,
    "object_id": "33",
    "object_repr": "Комментарий, lemon, на Искусственный интеллект 2023–2024: борьба за данные и открытая разработка",
    "action_flag": 3,
    "change_message": ""
  }
},
{
  "model": "admin.logentry",
  "pk": 60,
  "fields": {
    "action_time": "2024-03-19T23:45:30.214Z",
    "user": 1,
    "content_type": 11,
    "object_id": "32",
    "object_repr": "Комментарий, lemon, на Искусственный интеллект 2023–2024: борьба за данные и открытая разработка",
    "action_flag": 3,
    "change_message": ""
  }
},
{
  "model": "admin.logentry",
  "pk": 61,
  "fields": {
    "action_time": "2024-03-19T23:45:30.217Z",
    "user": 1,
    "content_type": 11,
    "object_id": "31",
    "object_repr": "Комментарий, lemon, на Искусственный интеллект 2023–2024: борьба за данные и открытая разработка",
    "action_flag": 3,
    "change_message": ""
  }
},
{
  "model": "admin.logentry",
  "pk": 62,
  "fields": {
    "action_time": "2024-03-19T23:45:30.219Z",
    "user": 1,
    "content_type": 11,
    "object_id": "30",
    "object_repr": "Комментарий, lemon, на Искусственный интеллект 2023–2024: борьба за данные и открытая разработка",
    "action_flag": 3,
    "change_message": ""
  }
},
{
  "model": "admin.logentry",
  "pk": 63,
  "fields": {
    "action_time": "2024-03-19T23:45:30.221Z",
    "user": 1,
    "content_type": 11,
    "object_id": "29",
    "object_repr": "Комментарий, lemon, на Искусственный интеллект 2023–2024: борьба за данные и открытая разработка",
    "action_flag": 3,
    "change_message": ""
  }
},
{
  "model": "admin.logentry",
  "pk": 64,
  "fields": {
    "action_time": "2024-03-19T23:45:30.224Z",
    "user": 1,
    "content_type": 11,
    "object_id": "28",
    "object_repr": "Комментарий, lemon, на Искусственный интеллект 2023–2024: борьба за данные и открытая разработка",
    "action_flag": 3,
    "change_message": ""
  }
},
{
  "model": "admin.logentry",
  "pk": 65,
  "fields": {
    "action_time": "2024-03-19T23:45:30.227Z",
    "user": 1,
    "content_type": 11,
    "object_id": "27",
    "object_repr": "Комментарий, lemon, на Искусственный интеллект 2023–2024: борьба за данные и открытая разработка",
    "action_flag": 3,
    "change_message": ""
  }
},
{
  "model": "admin.logentry",
  "pk": 66,
  "fields": {
    "action_time": "2024-03-19T23:45:30.229Z",
    "user": 1,
    "content_type": 11,
    "object_id": "26",
    "object_repr": "Комментарий, lemon, на Искусственный интеллект 2023–2024: борьба за данные и открытая разработка",
    "action_flag": 3,
    "change_message": ""
  }
},
{
  "model": "admin.logentry",
  "pk": 67,
  "fields": {
    "action_time": "2024-03-19T23:45:30.231Z",
    "user": 1,
    "content_type": 11,
    "object_id": "25",
    "object_repr": "Комментарий, lemon, на Искусственный интеллект 2023–2024: борьба за данные и открытая разработка",
    "action_flag": 3,
    "change_message": ""
  }
},
{
  "model": "admin.logentry",
  "pk": 68,
  "fields": {
    "action_time": "2024-03-19T23:45:30.234Z",
    "user": 1,
    "content_type": 11,
    "object_id": "24",
    "object_repr": "Комментарий, lemon, на Искусственный интеллект 2023–2024: борьба за данные и открытая разработка",
    "action_flag": 3,
    "change_message": ""
  }
},
{
  "model": "admin.logentry",
  "pk": 69,
  "fields": {
    "action_time": "2024-03-19T23:45:30.237Z",
    "user": 1,
    "content_type": 11,
    "object_id": "23",
    "object_repr": "Комментарий, lemon, на Искусственный интеллект 2023–2024: борьба за данные и открытая разработка",
    "action_flag": 3,
    "change_message": ""
  }
},
{
  "model": "admin.logentry",
  "pk": 70,
  "fields": {
    "action_time": "2024-03-19T23:45:30.239Z",
    "user": 1,
    "content_type": 11,
    "object_id": "22",
    "object_repr": "Комментарий, lemon, на Искусственный интеллект 2023–2024: борьба за данные и открытая разработка",
    "action_flag": 3,
    "change_message": ""
  }
},
{
  "model": "admin.logentry",
  "pk": 71,
  "fields": {
    "action_time": "2024-03-19T23:45:30.241Z",
    "user": 1,
    "content_type": 11,
    "object_id": "21",
    "object_repr": "Комментарий, lemon, на Искусственный интеллект 2023–2024: борьба за данные и открытая разработка",
    "action_flag": 3,
    "change_message": ""
  }
},
{
  "model": "admin.logentry",
  "pk": 72,
  "fields": {
    "action_time": "2024-03-20T00:42:34.739Z",
    "user": 1,
    "content_type": 11,
    "object_id": "42",
    "object_repr": "Комментарий, lemon, на Искусственный интеллект 2023–2024: борьба за данные и открытая разработка",
    "action_flag": 3,
    "change_message": ""
  }
},
{
  "model": "admin.logentry",
  "pk": 73,
  "fields": {
    "action_time": "2024-03-20T00:42:34.829Z",
    "user": 1,
    "content_type": 11,
    "object_id": "41",
    "object_repr": "Комментарий, lemon, на Искусственный интеллект 2023–2024: борьба за данные и открытая разработка",
    "action_flag": 3,
    "change_message": ""
  }
},
{
  "model": "admin.logentry",
  "pk": 74,
  "fields": {
    "action_time": "2024-03-20T00:42:34.873Z",
    "user": 1,
    "content_type": 11,
    "object_id": "40",
    "object_repr": "Комментарий, lemon, на Искусственный интеллект 2023–2024: борьба за данные и открытая разработка",
    "action_flag": 3,
    "change_message": ""
  }
},
{
  "model": "admin.logentry",
  "pk": 75,
  "fields": {
    "action_time": "2024-03-20T00:42:34.876Z",
    "user": 1,
    "content_type": 11,
    "object_id": "39",
    "object_repr": "Комментарий, lemon, на Искусственный интеллект 2023–2024: борьба за данные и открытая разработка",
    "action_flag": 3,
    "change_message": ""
  }
},
{
  "model": "admin.logentry",
  "pk": 76,
  "fields": {
    "action_time": "2024-03-20T00:42:34.881Z",
    "user": 1,
    "content_type": 11,
    "object_id": "38",
    "object_repr": "Комментарий, lemon, на Искусственный интеллект 2023–2024: борьба за данные и открытая разработка",
    "action_flag": 3,
    "change_message": ""
  }
},
{
  "model": "admin.logentry",
  "pk": 77,
  "fields": {
    "action_time": "2024-03-20T00:42:34.884Z",
    "user": 1,
    "content_type": 11,
    "object_id": "20",
    "object_repr": "Комментарий, lemon, на Искусственный интеллект 2023–2024: борьба за данные и открытая разработка",
    "action_flag": 3,
    "change_message": ""
  }
},
{
  "model": "admin.logentry",
  "pk": 78,
  "fields": {
    "action_time": "2024-03-20T00:51:05.856Z",
    "user": 1,
    "content_type": 11,
    "object_id": "46",
    "object_repr": "Комментарий, lemon, на Искусственный интеллект 2023–2024: борьба за данные и открытая разработка",
    "action_flag": 3,
    "change_message": ""
  }
},
{
  "model": "admin.logentry",
  "pk": 79,
  "fields": {
    "action_time": "2024-03-20T00:51:05.890Z",
    "user": 1,
    "content_type": 11,
    "object_id": "45",
    "object_repr": "Комментарий, lemon, на Искусственный интеллект 2023–2024: борьба за данные и открытая разработка",
    "action_flag": 3,
    "change_message": ""
  }
},
{
  "model": "admin.logentry",
  "pk": 80,
  "fields": {
    "action_time": "2024-03-20T01:03:47.217Z",
    "user": 1,
    "content_type": 11,
    "object_id": "55",
    "object_repr": "Комментарий, lemon, на Искусственный интеллект 2023–2024: борьба за данные и открытая разработка",
    "action_flag": 3,
    "change_message": ""
  }
},
{
  "model": "admin.logentry",
  "pk": 81,
  "fields": {
    "action_time": "2024-03-20T01:03:47.269Z",
    "user": 1,
    "content_type": 11,
    "object_id": "54",
    "object_repr": "Комментарий, lemon, на Искусственный интеллект 2023–2024: борьба за данные и открытая разработка",
    "action_flag": 3,
    "change_message": ""
  }
},
{
  "model": "admin.logentry",
  "pk": 82,
  "fields": {
    "action_time": "2024-03-20T01:03:47.272Z",
    "user": 1,
    "content_type": 11,
    "object_id": "53",
    "object_repr": "Комментарий, lemon, на Искусственный интеллект 2023–2024: борьба за данные и открытая разработка",
    "action_flag": 3,
    "change_message": ""
  }
},
{
  "model": "admin.logentry",
  "pk": 83,
  "fields": {
    "action_time": "2024-03-20T01:03:47.274Z",
    "user": 1,
    "content_type": 11,
    "object_id": "52",
    "object_repr": "Комментарий, lemon, на Искусственный интеллект 2023–2024: борьба за данные и открытая разработка",
    "action_flag": 3,
    "change_message": ""
  }
},
{
  "model": "admin.logentry",
  "pk": 84,
  "fields": {
    "action_time": "2024-03-20T01:03:47.277Z",
    "user": 1,
    "content_type": 11,
    "object_id": "51",
    "object_repr": "Комментарий, lemon, на Искусственный интеллект 2023–2024: борьба за данные и открытая разработка",
    "action_flag": 3,
    "change_message": ""
  }
},
{
  "model": "admin.logentry",
  "pk": 85,
  "fields": {
    "action_time": "2024-03-20T01:03:47.280Z",
    "user": 1,
    "content_type": 11,
    "object_id": "50",
    "object_repr": "Комментарий, lemon, на Искусственный интеллект 2023–2024: борьба за данные и открытая разработка",
    "action_flag": 3,
    "change_message": ""
  }
},
{
  "model": "admin.logentry",
  "pk": 86,
  "fields": {
    "action_time": "2024-03-20T01:03:47.285Z",
    "user": 1,
    "content_type": 11,
    "object_id": "49",
    "object_repr": "Комментарий, lemon, на Искусственный интеллект 2023–2024: борьба за данные и открытая разработка",
    "action_flag": 3,
    "change_message": ""
  }
},
{
  "model": "admin.logentry",
  "pk": 87,
  "fields": {
    "action_time": "2024-03-20T14:53:24.290Z",
    "user": 1,
    "content_type": 11,
    "object_id": "57",
    "object_repr": "Комментарий, lemon, на Тренды маркетинга 2024",
    "action_flag": 3,
    "change_message": ""
  }
},
{
  "model": "admin.logentry",
  "pk": 88,
  "fields": {
    "action_time": "2024-03-20T14:54:03.798Z",
    "user": 1,
    "content_type": 11,
    "object_id": "56",
    "object_repr": "Комментарий, lemon, на Искусственный интеллект 2023–2024: борьба за данные и открытая разработка",
    "action_flag": 3,
    "change_message": ""
  }
},
{
  "model": "admin.logentry",
  "pk": 89,
  "fields": {
    "action_time": "2024-03-22T21:06:03.378Z",
    "user": 1,
    "content_type": 13,
    "object_id": "1",
    "object_repr": "localhost:8000",
    "action_flag": 2,
    "change_message": "[{\"changed\": {\"fields\": [\"Domain name\", \"Display name\"]}}]"
  }
},
{
  "model": "admin.logentry",
  "pk": 90,
  "fields": {
    "action_time": "2024-03-23T14:59:44.922Z",
    "user": 1,
    "content_type": 13,
    "object_id": "1",
    "object_repr": "localhost:8001",
    "action_flag": 2,
    "change_message": "[{\"changed\": {\"fields\": [\"Domain name\", \"Display name\"]}}]"
  }
},
{
  "model": "admin.logentry",
  "pk": 91,
  "fields": {
    "action_time": "2024-03-24T01:11:11.886Z",
    "user": 1,
    "content_type": 13,
    "object_id": "1",
    "object_repr": "localhost:8000",
    "action_flag": 2,
    "change_message": "[{\"changed\": {\"fields\": [\"Domain name\", \"Display name\"]}}]"
  }
},
{
  "model": "admin.logentry",
  "pk": 92,
  "fields": {
    "action_time": "2024-03-25T21:46:40.097Z",
    "user": 1,
    "content_type": 8,
    "object_id": "20",
    "object_repr": "МИФ О ПОТОПЕ: РАСЧЕТЫ И РЕАЛЬНОСТЬ",
    "action_flag": 2,
    "change_message": "[{\"changed\": {\"fields\": [\"\\u0421\\u043e\\u0434\\u0435\\u0440\\u0436\\u0430\\u043d\\u0438\\u0435\"]}}]"
  }
},
{
  "model": "admin.logentry",
  "pk": 93,
  "fields": {
    "action_time": "2024-03-25T21:51:28.261Z",
    "user": 1,
    "content_type": 8,
    "object_id": "20",
    "object_repr": "МИФ О ПОТОПЕ: РАСЧЕТЫ И РЕАЛЬНОСТЬ",
    "action_flag": 2,
    "change_message": "[{\"changed\": {\"fields\": [\"\\u0421\\u043e\\u0434\\u0435\\u0440\\u0436\\u0430\\u043d\\u0438\\u0435\"]}}]"
  }
},
{
  "model": "admin.logentry",
  "pk": 94,
  "fields": {
    "action_time": "2024-04-15T23:33:35.307Z",
    "user": 1,
    "content_type": 29,
    "object_id": "1",
    "object_repr": "redis",
    "action_flag": 1,
    "change_message": "[{\"added\": {}}]"
  }
},
{
  "model": "admin.logentry",
  "pk": 95,
  "fields": {
    "action_time": "2024-04-16T00:16:36.321Z",
    "user": 1,
    "content_type": 21,
    "object_id": "1",
    "object_repr": "Программирование",
    "action_flag": 1,
    "change_message": "[{\"added\": {}}]"
  }
},
{
  "model": "admin.logentry",
  "pk": 96,
  "fields": {
    "action_time": "2024-04-16T00:16:56.430Z",
    "user": 1,
    "content_type": 21,
    "object_id": "2",
    "object_repr": "Математика",
    "action_flag": 1,
    "change_message": "[{\"added\": {}}]"
  }
},
{
  "model": "admin.logentry",
  "pk": 97,
  "fields": {
    "action_time": "2024-04-16T00:17:21.445Z",
    "user": 1,
    "content_type": 21,
    "object_id": "3",
    "object_repr": "Музыка",
    "action_flag": 1,
    "change_message": "[{\"added\": {}}]"
  }
},
{
  "model": "admin.logentry",
  "pk": 98,
  "fields": {
    "action_time": "2024-04-16T17:29:01.108Z",
    "user": 1,
    "content_type": 3,
    "object_id": "2",
    "object_repr": "Преподаватель",
    "action_flag": 1,
    "change_message": "[{\"added\": {}}]"
  }
},
{
  "model": "admin.logentry",
  "pk": 99,
  "fields": {
    "action_time": "2024-04-17T01:46:29.528Z",
    "user": 1,
    "content_type": 30,
    "object_id": "1",
    "object_repr": "Тиффани",
    "action_flag": 1,
    "change_message": "[{\"added\": {}}]"
  }
},
{
  "model": "admin.logentry",
  "pk": 100,
  "fields": {
    "action_time": "2024-04-17T01:46:42.431Z",
    "user": 1,
    "content_type": 30,
    "object_id": "2",
    "object_repr": "Гименей",
    "action_flag": 1,
    "change_message": "[{\"added\": {}}]"
  }
},
{
  "model": "admin.logentry",
  "pk": 101,
  "fields": {
    "action_time": "2024-04-17T01:47:02.198Z",
    "user": 1,
    "content_type": 30,
    "object_id": "3",
    "object_repr": "Приложения",
    "action_flag": 1,
    "change_message": "[{\"added\": {}}]"
  }
},
{
  "model": "admin.logentry",
  "pk": 102,
  "fields": {
    "action_time": "2024-04-17T01:49:24.417Z",
    "user": 1,
    "content_type": 31,
    "object_id": "1",
    "object_repr": "Амбер",
    "action_flag": 1,
    "change_message": "[{\"added\": {}}]"
  }
},
{
  "model": "admin.logentry",
  "pk": 103,
  "fields": {
    "action_time": "2024-04-17T01:50:30.527Z",
    "user": 1,
    "content_type": 31,
    "object_id": "2",
    "object_repr": "Регнум",
    "action_flag": 1,
    "change_message": "[{\"added\": {}}]"
  }
},
{
  "model": "admin.logentry",
  "pk": 104,
  "fields": {
    "action_time": "2024-04-17T01:51:40.142Z",
    "user": 1,
    "content_type": 31,
    "object_id": "3",
    "object_repr": "Омега",
    "action_flag": 1,
    "change_message": "[{\"added\": {}}]"
  }
},
{
  "model": "admin.logentry",
  "pk": 105,
  "fields": {
    "action_time": "2024-04-17T01:52:29.734Z",
    "user": 1,
    "content_type": 31,
    "object_id": "4",
    "object_repr": "Кидвилл",
    "action_flag": 1,
    "change_message": "[{\"added\": {}}]"
  }
},
{
  "model": "admin.logentry",
  "pk": 106,
  "fields": {
    "action_time": "2024-04-17T02:56:33.717Z",
    "user": 1,
    "content_type": 34,
    "object_id": "1",
    "object_repr": "SUMMER",
    "action_flag": 1,
    "change_message": "[{\"added\": {}}]"
  }
},
{
  "model": "admin.logentry",
  "pk": 107,
  "fields": {
    "action_time": "2024-04-17T03:02:38.005Z",
    "user": 1,
    "content_type": 30,
    "object_id": "3",
    "object_repr": "Тиффани",
    "action_flag": 2,
    "change_message": "[{\"changed\": {\"fields\": [\"Name\", \"Slug\"]}}]"
  }
},
{
  "model": "admin.logentry",
  "pk": 108,
  "fields": {
    "action_time": "2024-04-17T03:03:05.653Z",
    "user": 1,
    "content_type": 30,
    "object_id": "2",
    "object_repr": "Гименей",
    "action_flag": 2,
    "change_message": "[{\"changed\": {\"fields\": [\"Name\", \"Slug\"]}}]"
  }
},
{
  "model": "admin.logentry",
  "pk": 109,
  "fields": {
    "action_time": "2024-04-17T03:03:25.177Z",
    "user": 1,
    "content_type": 30,
    "object_id": "1",
    "object_repr": "Приложения",
    "action_flag": 2,
    "change_message": "[{\"changed\": {\"fields\": [\"Name\", \"Slug\"]}}]"
  }
},
{
  "model": "admin.logentry",
  "pk": 110,
  "fields": {
    "action_time": "2024-04-17T03:04:32.659Z",
    "user": 1,
    "content_type": 31,
    "object_id": "1",
    "object_repr": "Амбер",
    "action_flag": 2,
    "change_message": "[{\"changed\": {\"fields\": [\"Name\", \"Slug\", \"Description\"]}}]"
  }
},
{
  "model": "admin.logentry",
  "pk": 111,
  "fields": {
    "action_time": "2024-04-17T03:05:08.872Z",
    "user": 1,
    "content_type": 31,
    "object_id": "2",
    "object_repr": "Регнум",
    "action_flag": 2,
    "change_message": "[{\"changed\": {\"fields\": [\"Name\", \"Slug\", \"Description\"]}}]"
  }
},
{
  "model": "admin.logentry",
  "pk": 112,
  "fields": {
    "action_time": "2024-04-17T03:05:48.011Z",
    "user": 1,
    "content_type": 31,
    "object_id": "3",
    "object_repr": "Омега",
    "action_flag": 2,
    "change_message": "[{\"changed\": {\"fields\": [\"Name\", \"Slug\", \"Description\"]}}]"
  }
},
{
  "model": "admin.logentry",
  "pk": 113,
  "fields": {
    "action_time": "2024-04-17T03:06:27.327Z",
    "user": 1,
    "content_type": 31,
    "object_id": "4",
    "object_repr": "Кидвилл",
    "action_flag": 2,
    "change_message": "[{\"changed\": {\"fields\": [\"Name\", \"Slug\", \"Description\"]}}]"
  }
},
{
  "model": "admin.logentry",
  "pk": 114,
  "fields": {
    "action_time": "2024-04-17T03:27:53.177Z",
    "user": 1,
    "content_type": 31,
    "object_id": "4",
    "object_repr": "Кидвилл",
    "action_flag": 2,
    "change_message": "[{\"changed\": {\"fields\": [\"Category\"]}}]"
  }
},
{
  "model": "admin.logentry",
  "pk": 115,
  "fields": {
    "action_time": "2024-04-17T03:28:05.243Z",
    "user": 1,
    "content_type": 31,
    "object_id": "2",
    "object_repr": "Регнум",
    "action_flag": 2,
    "change_message": "[{\"changed\": {\"fields\": [\"Category\"]}}]"
  }
},
{
  "model": "admin.logentry",
  "pk": 116,
  "fields": {
    "action_time": "2024-04-17T03:28:18.645Z",
    "user": 1,
    "content_type": 31,
    "object_id": "1",
    "object_repr": "Амбер",
    "action_flag": 2,
    "change_message": "[{\"changed\": {\"fields\": [\"Category\"]}}]"
  }
},
{
  "model": "admin.logentry",
  "pk": 117,
  "fields": {
    "action_time": "2024-04-17T05:41:56.477Z",
    "user": 1,
    "content_type": 30,
    "object_id": "1",
    "object_repr": "Tiffany",
    "action_flag": 1,
    "change_message": "[{\"added\": {}}]"
  }
},
{
  "model": "admin.logentry",
  "pk": 118,
  "fields": {
    "action_time": "2024-04-17T05:44:35.281Z",
    "user": 1,
    "content_type": 31,
    "object_id": "1",
    "object_repr": "Amber",
    "action_flag": 1,
    "change_message": "[{\"added\": {}}]"
  }
},
{
  "model": "admin.logentry",
  "pk": 119,
  "fields": {
    "action_time": "2024-04-17T06:30:06.437Z",
    "user": 1,
    "content_type": 30,
    "object_id": "1",
    "object_repr": "Amber",
    "action_flag": 2,
    "change_message": "[{\"changed\": {\"fields\": [\"Name\", \"Slug\"]}}]"
  }
},
{
  "model": "admin.logentry",
  "pk": 120,
  "fields": {
    "action_time": "2024-04-17T06:31:28.667Z",
    "user": 1,
    "content_type": 30,
    "object_id": "1",
    "object_repr": "Tiffany",
    "action_flag": 2,
    "change_message": "[{\"changed\": {\"fields\": [\"Name\", \"Slug\"]}}]"
  }
},
{
  "model": "admin.logentry",
  "pk": 121,
  "fields": {
    "action_time": "2024-04-17T19:50:31.358Z",
    "user": 1,
    "content_type": 30,
    "object_id": "1",
    "object_repr": "Тиффани",
    "action_flag": 2,
    "change_message": "[{\"changed\": {\"fields\": [\"Name\", \"Slug\"]}}]"
  }
},
{
  "model": "admin.logentry",
  "pk": 122,
  "fields": {
    "action_time": "2024-04-17T19:51:33.564Z",
    "user": 1,
    "content_type": 30,
    "object_id": "1",
    "object_repr": "Tiffany",
    "action_flag": 2,
    "change_message": "[{\"changed\": {\"fields\": [\"Name\", \"Slug\"]}}]"
  }
},
{
  "model": "admin.logentry",
  "pk": 123,
  "fields": {
    "action_time": "2024-04-17T19:53:30.188Z",
    "user": 1,
    "content_type": 31,
    "object_id": "1",
    "object_repr": "Амбер",
    "action_flag": 2,
    "change_message": "[{\"changed\": {\"fields\": [\"Name\", \"Slug\", \"Description\"]}}]"
  }
},
{
  "model": "admin.logentry",
  "pk": 124,
  "fields": {
    "action_time": "2024-04-17T19:54:51.822Z",
    "user": 1,
    "content_type": 31,
    "object_id": "1",
    "object_repr": "Amber",
    "action_flag": 2,
    "change_message": "[{\"changed\": {\"fields\": [\"Name\", \"Slug\", \"Description\"]}}]"
  }
},
{
  "model": "admin.logentry",
  "pk": 125,
  "fields": {
    "action_time": "2024-04-17T19:55:57.320Z",
    "user": 1,
    "content_type": 31,
    "object_id": "1",
    "object_repr": "Amber",
    "action_flag": 2,
    "change_message": "[{\"changed\": {\"fields\": [\"Name\", \"Slug\", \"Description\"]}}]"
  }
},
{
  "model": "admin.logentry",
  "pk": 126,
  "fields": {
    "action_time": "2024-04-17T19:59:22.814Z",
    "user": 1,
    "content_type": 30,
    "object_id": "2",
    "object_repr": "Гименей",
    "action_flag": 1,
    "change_message": "[{\"added\": {}}]"
  }
},
{
  "model": "admin.logentry",
  "pk": 127,
  "fields": {
    "action_time": "2024-04-17T20:00:25.567Z",
    "user": 1,
    "content_type": 30,
    "object_id": "2",
    "object_repr": "Hymen",
    "action_flag": 2,
    "change_message": "[{\"changed\": {\"fields\": [\"Name\", \"Slug\"]}}]"
  }
},
{
  "model": "admin.logentry",
  "pk": 128,
  "fields": {
    "action_time": "2024-04-17T20:00:51.147Z",
    "user": 1,
    "content_type": 30,
    "object_id": "2",
    "object_repr": "Himen",
    "action_flag": 2,
    "change_message": "[{\"changed\": {\"fields\": [\"Name\", \"Slug\"]}}]"
  }
},
{
  "model": "admin.logentry",
  "pk": 129,
  "fields": {
    "action_time": "2024-04-17T20:01:18.693Z",
    "user": 1,
    "content_type": 30,
    "object_id": "3",
    "object_repr": "Приложения",
    "action_flag": 1,
    "change_message": "[{\"added\": {}}]"
  }
},
{
  "model": "admin.logentry",
  "pk": 130,
  "fields": {
    "action_time": "2024-04-17T20:01:58.767Z",
    "user": 1,
    "content_type": 30,
    "object_id": "3",
    "object_repr": "Applications",
    "action_flag": 2,
    "change_message": "[{\"changed\": {\"fields\": [\"Name\", \"Slug\"]}}]"
  }
},
{
  "model": "admin.logentry",
  "pk": 131,
  "fields": {
    "action_time": "2024-04-17T20:02:43.500Z",
    "user": 1,
    "content_type": 30,
    "object_id": "3",
    "object_repr": "Applications",
    "action_flag": 2,
    "change_message": "[{\"changed\": {\"fields\": [\"Name\", \"Slug\"]}}]"
  }
},
{
  "model": "admin.logentry",
  "pk": 132,
  "fields": {
    "action_time": "2024-04-17T20:04:34.085Z",
    "user": 1,
    "content_type": 31,
    "object_id": "2",
    "object_repr": "Regnum",
    "action_flag": 1,
    "change_message": "[{\"added\": {}}]"
  }
},
{
  "model": "admin.logentry",
  "pk": 133,
  "fields": {
    "action_time": "2024-04-17T20:05:12.651Z",
    "user": 1,
    "content_type": 31,
    "object_id": "2",
    "object_repr": "Регнум",
    "action_flag": 2,
    "change_message": "[{\"changed\": {\"fields\": [\"Name\", \"Slug\", \"Description\"]}}]"
  }
},
{
  "model": "admin.logentry",
  "pk": 134,
  "fields": {
    "action_time": "2024-04-17T20:06:10.439Z",
    "user": 1,
    "content_type": 31,
    "object_id": "2",
    "object_repr": "Regnum",
    "action_flag": 2,
    "change_message": "[{\"changed\": {\"fields\": [\"Name\", \"Slug\", \"Description\"]}}]"
  }
},
{
  "model": "admin.logentry",
  "pk": 135,
  "fields": {
    "action_time": "2024-04-17T20:08:00.630Z",
    "user": 1,
    "content_type": 31,
    "object_id": "3",
    "object_repr": "Omega",
    "action_flag": 1,
    "change_message": "[{\"added\": {}}]"
  }
},
{
  "model": "admin.logentry",
  "pk": 136,
  "fields": {
    "action_time": "2024-04-17T20:08:52.722Z",
    "user": 1,
    "content_type": 31,
    "object_id": "3",
    "object_repr": "Омега",
    "action_flag": 2,
    "change_message": "[{\"changed\": {\"fields\": [\"Name\", \"Slug\", \"Description\"]}}]"
  }
},
{
  "model": "admin.logentry",
  "pk": 137,
  "fields": {
    "action_time": "2024-04-17T20:09:43.394Z",
    "user": 1,
    "content_type": 31,
    "object_id": "3",
    "object_repr": "Omega",
    "action_flag": 2,
    "change_message": "[{\"changed\": {\"fields\": [\"Name\", \"Slug\", \"Description\"]}}]"
  }
},
{
  "model": "admin.logentry",
  "pk": 138,
  "fields": {
    "action_time": "2024-04-17T20:10:56.300Z",
    "user": 1,
    "content_type": 31,
    "object_id": "4",
    "object_repr": "Kidwill",
    "action_flag": 1,
    "change_message": "[{\"added\": {}}]"
  }
},
{
  "model": "admin.logentry",
  "pk": 139,
  "fields": {
    "action_time": "2024-04-17T20:11:24.021Z",
    "user": 1,
    "content_type": 31,
    "object_id": "4",
    "object_repr": "Кидвилл",
    "action_flag": 2,
    "change_message": "[{\"changed\": {\"fields\": [\"Name\", \"Slug\", \"Description\"]}}]"
  }
},
{
  "model": "admin.logentry",
  "pk": 140,
  "fields": {
    "action_time": "2024-04-17T20:12:10.171Z",
    "user": 1,
    "content_type": 31,
    "object_id": "4",
    "object_repr": "Kidville",
    "action_flag": 2,
    "change_message": "[{\"changed\": {\"fields\": [\"Name\", \"Slug\", \"Description\"]}}]"
  }
},
{
  "model": "admin.logentry",
  "pk": 141,
  "fields": {
    "action_time": "2024-04-17T20:12:40.810Z",
    "user": 1,
    "content_type": 31,
    "object_id": "1",
    "object_repr": "Amber",
    "action_flag": 2,
    "change_message": "[{\"changed\": {\"fields\": [\"Category\"]}}]"
  }
},
{
  "model": "admin.logentry",
  "pk": 142,
  "fields": {
    "action_time": "2024-04-17T20:12:57.926Z",
    "user": 1,
    "content_type": 31,
    "object_id": "4",
    "object_repr": "Kidwill",
    "action_flag": 2,
    "change_message": "[{\"changed\": {\"fields\": [\"Image\"]}}]"
  }
},
{
  "model": "admin.logentry",
  "pk": 143,
  "fields": {
    "action_time": "2024-04-17T20:15:08.771Z",
    "user": 1,
    "content_type": 34,
    "object_id": "1",
    "object_repr": "SUMMER",
    "action_flag": 1,
    "change_message": "[{\"added\": {}}]"
  }
},
{
  "model": "admin.logentry",
  "pk": 144,
  "fields": {
    "action_time": "2024-04-18T18:45:08.877Z",
    "user": 1,
    "content_type": 30,
    "object_id": "1",
    "object_repr": "Florariums",
    "action_flag": 2,
    "change_message": "[{\"changed\": {\"fields\": [\"Name\", \"Slug\"]}}]"
  }
},
{
  "model": "admin.logentry",
  "pk": 145,
  "fields": {
    "action_time": "2024-04-18T18:45:46.028Z",
    "user": 1,
    "content_type": 30,
    "object_id": "1",
    "object_repr": "Флорарумы",
    "action_flag": 2,
    "change_message": "[{\"changed\": {\"fields\": [\"Name\", \"Slug\"]}}]"
  }
},
{
  "model": "admin.logentry",
  "pk": 146,
  "fields": {
    "action_time": "2024-04-18T18:46:37.404Z",
    "user": 1,
    "content_type": 30,
    "object_id": "1",
    "object_repr": "Florarios",
    "action_flag": 2,
    "change_message": "[{\"changed\": {\"fields\": [\"Name\", \"Slug\"]}}]"
  }
},
{
  "model": "admin.logentry",
  "pk": 147,
  "fields": {
    "action_time": "2024-04-19T04:21:45.636Z",
    "user": 1,
    "content_type": 12,
    "object_id": "6",
    "object_repr": "user_music",
    "action_flag": 2,
    "change_message": "[{\"changed\": {\"fields\": [\"Last name\"]}}]"
  }
},
{
  "model": "admin.logentry",
  "pk": 148,
  "fields": {
    "action_time": "2024-04-19T04:27:54.985Z",
    "user": 1,
    "content_type": 12,
    "object_id": "9",
    "object_repr": "user_xxx",
    "action_flag": 1,
    "change_message": "[{\"added\": {}}]"
  }
},
{
  "model": "admin.logentry",
  "pk": 149,
  "fields": {
    "action_time": "2024-04-19T04:31:33.125Z",
    "user": 1,
    "content_type": 12,
    "object_id": "9",
    "object_repr": "user_xxx",
    "action_flag": 2,
    "change_message": "[{\"changed\": {\"fields\": [\"\\u0424\\u043e\\u0442\\u043e\\u0433\\u0440\\u0430\\u0444\\u0438\\u044f\"]}}]"
  }
},
{
  "model": "admin.logentry",
  "pk": 150,
  "fields": {
    "action_time": "2024-04-19T08:12:22.091Z",
    "user": 1,
    "content_type": 12,
    "object_id": "3",
    "object_repr": "usertestemail",
    "action_flag": 2,
    "change_message": "[{\"changed\": {\"fields\": [\"\\u0424\\u043e\\u0442\\u043e\\u0433\\u0440\\u0430\\u0444\\u0438\\u044f\"]}}]"
  }
},
{
  "model": "admin.logentry",
  "pk": 151,
  "fields": {
    "action_time": "2024-04-19T08:17:39.450Z",
    "user": 1,
    "content_type": 12,
    "object_id": "7",
    "object_repr": "user_history",
    "action_flag": 2,
    "change_message": "[{\"changed\": {\"fields\": [\"\\u0424\\u043e\\u0442\\u043e\\u0433\\u0440\\u0430\\u0444\\u0438\\u044f\"]}}]"
  }
},
{
  "model": "admin.logentry",
  "pk": 152,
  "fields": {
    "action_time": "2024-04-19T08:20:18.289Z",
    "user": 1,
    "content_type": 12,
    "object_id": "8",
    "object_repr": "sv444444",
    "action_flag": 2,
    "change_message": "[{\"changed\": {\"fields\": [\"\\u0424\\u043e\\u0442\\u043e\\u0433\\u0440\\u0430\\u0444\\u0438\\u044f\"]}}]"
  }
},
{
  "model": "admin.logentry",
  "pk": 153,
  "fields": {
    "action_time": "2024-04-19T08:22:23.828Z",
    "user": 1,
    "content_type": 12,
    "object_id": "2",
    "object_repr": "user1",
    "action_flag": 2,
    "change_message": "[{\"changed\": {\"fields\": [\"First name\", \"Last name\"]}}]"
  }
},
{
  "model": "admin.logentry",
  "pk": 154,
  "fields": {
    "action_time": "2024-04-23T03:57:31.088Z",
    "user": 1,
    "content_type": 31,
    "object_id": "2",
    "object_repr": "Regnum",
    "action_flag": 2,
    "change_message": "[{\"changed\": {\"fields\": [\"Image\"]}}]"
  }
},
{
  "model": "admin.logentry",
  "pk": 155,
  "fields": {
    "action_time": "2024-04-23T03:59:59.445Z",
    "user": 1,
    "content_type": 31,
    "object_id": "1",
    "object_repr": "Amber",
    "action_flag": 2,
    "change_message": "[{\"changed\": {\"fields\": [\"Image\"]}}]"
  }
},
{
  "model": "admin.logentry",
  "pk": 156,
  "fields": {
    "action_time": "2024-04-23T04:05:46.131Z",
    "user": 1,
    "content_type": 31,
    "object_id": "3",
    "object_repr": "Omega",
    "action_flag": 2,
    "change_message": "[{\"changed\": {\"fields\": [\"Image\"]}}]"
  }
},
{
  "model": "admin.logentry",
  "pk": 157,
  "fields": {
    "action_time": "2024-04-23T04:58:01.291Z",
    "user": 1,
    "content_type": 42,
    "object_id": "15",
    "object_repr": "14 удачных примеров использования больших изображений в дизайне",
    "action_flag": 3,
    "change_message": ""
  }
},
{
  "model": "admin.logentry",
  "pk": 158,
  "fields": {
    "action_time": "2024-04-23T04:58:01.676Z",
    "user": 1,
    "content_type": 42,
    "object_id": "14",
    "object_repr": "14 удачных примеров использования больших изображений в дизайне",
    "action_flag": 3,
    "change_message": ""
  }
},
{
  "model": "admin.logentry",
  "pk": 159,
  "fields": {
    "action_time": "2024-04-23T04:59:26.216Z",
    "user": 1,
    "content_type": 42,
    "object_id": "13",
    "object_repr": "жжлол",
    "action_flag": 3,
    "change_message": ""
  }
},
{
  "model": "admin.logentry",
  "pk": 160,
  "fields": {
    "action_time": "2024-04-23T04:59:26.220Z",
    "user": 1,
    "content_type": 42,
    "object_id": "2",
    "object_repr": "Wikimedia Commons",
    "action_flag": 3,
    "change_message": ""
  }
},
{
  "model": "admin.logentry",
  "pk": 161,
  "fields": {
    "action_time": "2024-04-23T04:59:26.223Z",
    "user": 1,
    "content_type": 42,
    "object_id": "1",
    "object_repr": "Wikimedia Commons",
    "action_flag": 3,
    "change_message": ""
  }
},
{
  "model": "admin.logentry",
  "pk": 162,
  "fields": {
    "action_time": "2024-04-23T05:46:52.585Z",
    "user": 1,
    "content_type": 12,
    "object_id": "10",
    "object_repr": "student_1",
    "action_flag": 2,
    "change_message": "[{\"changed\": {\"fields\": [\"Groups\"]}}]"
  }
},
{
  "model": "admin.logentry",
  "pk": 163,
  "fields": {
    "action_time": "2024-04-23T05:48:12.575Z",
    "user": 1,
    "content_type": 12,
    "object_id": "10",
    "object_repr": "student_1",
    "action_flag": 2,
    "change_message": "[{\"changed\": {\"fields\": [\"Groups\"]}}]"
  }
},
{
  "model": "admin.logentry",
  "pk": 164,
  "fields": {
    "action_time": "2024-04-23T06:54:28.898Z",
    "user": 1,
    "content_type": 8,
    "object_id": "21",
    "object_repr": "Об этом сайте",
    "action_flag": 2,
    "change_message": "[{\"changed\": {\"fields\": [\"\\u0421\\u0442\\u0430\\u0442\\u0443\\u0441\"]}}]"
  }
},
{
  "model": "admin.logentry",
  "pk": 165,
  "fields": {
    "action_time": "2024-04-23T06:54:56.611Z",
    "user": 1,
    "content_type": 8,
    "object_id": "21",
    "object_repr": "Об этом сайте",
    "action_flag": 2,
    "change_message": "[{\"changed\": {\"fields\": [\"\\u0421\\u0442\\u0430\\u0442\\u0443\\u0441\"]}}]"
  }
},
{
  "model": "admin.logentry",
  "pk": 166,
  "fields": {
    "action_time": "2024-04-23T10:49:13.150Z",
    "user": 1,
    "content_type": 45,
    "object_id": "1",
    "object_repr": "Общая",
    "action_flag": 1,
    "change_message": "[{\"added\": {}}]"
  }
},
{
  "model": "admin.logentry",
  "pk": 167,
  "fields": {
    "action_time": "2024-04-23T11:53:12.174Z",
    "user": 1,
    "content_type": 8,
    "object_id": "21",
    "object_repr": "Об этом сайте",
    "action_flag": 3,
    "change_message": ""
  }
},
{
  "model": "admin.logentry",
  "pk": 168,
  "fields": {
    "action_time": "2024-04-23T12:56:56.747Z",
    "user": 1,
    "content_type": 45,
    "object_id": "2",
    "object_repr": "Приложение для ведения блога",
    "action_flag": 1,
    "change_message": "[{\"added\": {}}]"
  }
},
{
  "model": "admin.logentry",
  "pk": 169,
  "fields": {
    "action_time": "2024-04-23T13:08:40.294Z",
    "user": 1,
    "content_type": 45,
    "object_id": "3",
    "object_repr": "Букмарклет JavaScript",
    "action_flag": 1,
    "change_message": "[{\"added\": {}}]"
  }
},
{
  "model": "admin.logentry",
  "pk": 170,
  "fields": {
    "action_time": "2024-04-23T13:12:30.586Z",
    "user": 1,
    "content_type": 45,
    "object_id": "4",
    "object_repr": "Интернет магазин",
    "action_flag": 1,
    "change_message": "[{\"added\": {}}]"
  }
},
{
  "model": "admin.logentry",
  "pk": 171,
  "fields": {
    "action_time": "2024-04-23T13:15:43.866Z",
    "user": 1,
    "content_type": 45,
    "object_id": "5",
    "object_repr": "Платформа онлайн курсов",
    "action_flag": 1,
    "change_message": "[{\"added\": {}}]"
  }
},
{
  "model": "admin.logentry",
  "pk": 172,
  "fields": {
    "action_time": "2024-04-25T07:12:49.362Z",
    "user": 1,
    "content_type": 8,
    "object_id": "20",
    "object_repr": "МИФ О ПОТОПЕ: РАСЧЕТЫ И РЕАЛЬНОСТЬ",
    "action_flag": 2,
    "change_message": "[]"
  }
},
{
  "model": "auth.group",
  "pk": 1,
  "fields": {
    "name": "Модератор",
    "permissions": [
      29,
      30,
      31,
      32
    ]
  }
},
{
  "model": "auth.group",
  "pk": 2,
  "fields": {
    "name": "Преподаватель",
    "permissions": [
      109,
      110,
      111,
      112,
      81,
      82,
      83,
      84
    ]
  }
},
{
  "model": "sessions.session",
  "pk": "04qjkeiio1tx7iw43p5r4uqm48qpxxnj",
  "fields": {
    "session_data": ".eJxVjMsOgjAQRf-la9OMBaTj0j3f0MwLQU1JKKyM_26asNDtPefct0u0b1Pai61pVnd1Z3f63ZjkabkCfVC-L16WvK0z-6r4gxY_LGqv2-H-HUxUplozmXJsjUIPEYJAQ8IX1Q4JAbEXwJ61NQRu1HAUGkPXAFsMUYjc5wsPvTkZ:1rwYsb:3Y79DhbfBnyQ2gJsy2nSzskWYrgI9B8GBnvhhc6Thes",
    "expire_date": "2024-04-30T02:49:05.386Z"
  }
},
{
  "model": "sessions.session",
  "pk": "09pkq59urwznmb0oati92by2wmm3p2hp",
  "fields": {
    "session_data": ".eJxVjEEOwiAQRe_C2hCgkGlduvcMZIYZpGogKe3KeHdt0oVu_3vvv1TEbS1x67LEmdVZWXX63QjTQ-oO-I711nRqdV1m0ruiD9r1tbE8L4f7d1Cwl29tAK0DJiEYjGT2LlhOxIDOg88QBgk8Wc5kArgJHYUxE5qMo4Qho3p_APbKOLU:1rpcZp:4wkYOZ_RB6rzH1bdqY_L49MFrZUVeE22WcBcrvWvXog",
    "expire_date": "2024-04-10T23:21:01.811Z"
  }
},
{
  "model": "sessions.session",
  "pk": "0alwgitekp857y55mkzzgx2nhsrwrlk2",
  "fields": {
    "session_data": ".eJxVjDsOwjAQRO_iGln-rYkp6TmDtfZucADZUpxUiLuTSClA0817M28RcV1KXDvPcSJxEUacfruE-cl1B_TAem8yt7rMU5K7Ig_a5a0Rv66H-3dQsJdtzTqDIkrenjVCAJWdR81Jg_JmgJBY4aCCs8FaQ0wubUGw3pMZ3WjF5wvTBDdh:1rYuzr:ELkTVbxJ3vI9pdbvylrUluNLzHfNSyPpbi9lXl2Zrtw",
    "expire_date": "2024-02-24T21:34:51.998Z"
  }
},
{
  "model": "sessions.session",
  "pk": "0h6op81kunafenx9odg12p6em99h1by0",
  "fields": {
    "session_data": "eyJnb29nbGUtb2F1dGgyX3N0YXRlIjoidGR5bUVrOUxPS1EwY0s0VjZaMnFldzQ3c1llNTAxV1QifQ:1rwCmD:luE_2NS4v21iN9fk7cuoV5Zuf5D1bMfuXdh51mQadPw",
    "expire_date": "2024-04-29T03:13:01.326Z"
  }
},
{
  "model": "sessions.session",
  "pk": "12niq7b2etc53wyktryg4i8ploazbwmt",
  "fields": {
    "session_data": ".eJxVjEEOwiAQRe_C2hCgkGlduvcMZIYZpGogKe3KeHdt0oVu_3vvv1TEbS1x67LEmdVZWXX63QjTQ-oO-I711nRqdV1m0ruiD9r1tbE8L4f7d1Cwl29tAK0DJiEYjGT2LlhOxIDOg88QBgk8Wc5kArgJHYUxE5qMo4Qho3p_APbKOLU:1ros8v:kUlc4kMS09dRAvTGQjMBKtMu8f4yeRLpfRmCt1y2c1o",
    "expire_date": "2024-04-08T21:46:09.196Z"
  }
},
{
  "model": "sessions.session",
  "pk": "14pd47xm7xzhze054e15mqwl0kr9om3l",
  "fields": {
    "session_data": "eyJmYWNlYm9va19zdGF0ZSI6Ill4NUJIdHVycmFoeXdMQmgzSnFqZzQ4MDdRRXZlZjFIIn0:1roRwC:dfF5Ii5xXYqauVxI0hTyT8rrG4-8xjMkLCNyLs5r15o",
    "expire_date": "2024-04-07T17:47:16.657Z"
  }
},
{
  "model": "sessions.session",
  "pk": "169rgjqi05ixigqcvbflpvkbmitebqcr",
  "fields": {
    "session_data": ".eJxVjDsOg0AMBe_iOlo5C4Q1ZfqcAflHIIlAYqFC3D1CoqF9M_M2UJ4XaLb9Bi2vS9-u2ed2MGjgDpdNWL8-HsA-PL6noNO4zIOEQwknzeE1mf-ep3s56Dn3Ry3sJql0jjUmjIoFqzzMKmJColqRarHSCaUwp065i1WB4ikmZYb9D1cBPGU:1rxdkC:bR6bjFv9VJ56En2zYIF-5h3xBjSMzxANZ5BDuaRVmvY",
    "expire_date": "2024-05-03T02:12:52.775Z"
  }
},
{
  "model": "sessions.session",
  "pk": "1icckga38yw4q92ptemgz73av966yq93",
  "fields": {
    "session_data": ".eJxVjMsOgjAQRf-la9OMBaTj0j3f0MwLQU1JKKyM_26asNDtPefct0u0b1Pai61pVnd1Z3f63ZjkabkCfVC-L16WvK0z-6r4gxY_LGqv2-H-HUxUplozmXJsjUIPEYJAQ8IX1Q4JAbEXwJ61NQRu1HAUGkPXAFsMUYjc5wsPvTkZ:1rwYuk:OOw_2mXxG8Rtx1eLMM06otQp9q_tsiyv81fUQrw5RDA",
    "expire_date": "2024-04-30T02:51:18.804Z"
  }
},
{
  "model": "sessions.session",
  "pk": "2cf510pf5pg2e4qtfllkabsr22648se7",
  "fields": {
    "session_data": ".eJxVjMsOwiAQRf-FtSFAGR4u3fsNBIZBqgaS0q6M_65NutDtPefcFwtxW2vYBi1hzuzMJDv9binig9oO8j22W-fY27rMie8KP-jg157peTncv4MaR_3WCEZL71FaD5MpYCwl1IrcVEREAc6SVl6YksAU0ghgVZQiC5-FS2Zi7w_F8Tci:1rmJXh:NLs8PFIJ37l9koAX-UYNWM0WexI8Ha-HLoEphNfXxSU",
    "expire_date": "2024-04-01T20:25:09.667Z"
  }
},
{
  "model": "sessions.session",
  "pk": "2fta1eaetapc3hf7o25oi12j117virh3",
  "fields": {
    "session_data": ".eJxVjEEOwiAQRe_C2hCgkGlduvcMZIYZpGogKe3KeHdt0oVu_3vvv1TEbS1x67LEmdVZWXX63QjTQ-oO-I711nRqdV1m0ruiD9r1tbE8L4f7d1Cwl29tAK0DJiEYjGT2LlhOxIDOg88QBgk8Wc5kArgJHYUxE5qMo4Qho3p_APbKOLU:1ro7A3:CO8-r_qbBTl1z4tYyiLCUtqGSeR4P4QmT-WfrOiR0YI",
    "expire_date": "2024-04-06T19:36:11.901Z"
  }
},
{
  "model": "sessions.session",
  "pk": "2iqx7zwzcatloee1jpgakdmisfcr9a8f",
  "fields": {
    "session_data": ".eJxVjDsOg0AMBe_iOlo5C4Q1ZfqcAflHIIlAYqFC3D1CoqF9M_M2UJ4XaLb9Bi2vS9-u2ed2MGjgDpdNWL8-HsA-PL6noNO4zIOEQwknzeE1mf-ep3s56Dn3Ry3sJql0jjUmjIoFqzzMKmJColqRarHSCaUwp065i1WB4ikmZYb9D1cBPGU:1rwypX:fQFNalbmFhiL-P7xKiqdHmZlXoZ7VVXgW4_gRMWgxQs",
    "expire_date": "2024-05-01T06:31:39.569Z"
  }
},
{
  "model": "sessions.session",
  "pk": "2ktldj4xmwbjvjotidkzuoplm5sdmie3",
  "fields": {
    "session_data": ".eJxVjDsOg0AMBe_iOlo5C4Q1ZfqcAflHIIlAYqFC3D1CoqF9M_M2UJ4XaLb9Bi2vS9-u2ed2MGjgDpdNWL8-HsA-PL6noNO4zIOEQwknzeE1mf-ep3s56Dn3Ry3sJql0jjUmjIoFqzzMKmJColqRarHSCaUwp065i1WB4ikmZYb9D1cBPGU:1rx0Mw:gTooshpMq1w0_93cEHz7fuozH0gH-u_tQNYCZok6_QQ",
    "expire_date": "2024-05-01T08:10:14.308Z"
  }
},
{
  "model": "sessions.session",
  "pk": "2l8mx0sq6ql6bkhe435j97nc9z1nk54u",
  "fields": {
    "session_data": ".eJxVjDsOwjAQBe_iGln-b0xJnzNY9u6CA8iR4qRC3B0ipYD2zcx7iZS3taat85ImEmehxel3Kxkf3HZA99xus8S5rctU5K7Ig3Y5zsTPy-H-HdTc67cOyBGJwAZjrEeFkaGAtTboeI0DRLbeG4IhhOxZOU2ZnXeOwBhVDIr3B9EaNyM:1rluUM:nXDJ9mgOhfMouiW3OnCBJ0nJy0LtOs3AB7xSNsOwKv4",
    "expire_date": "2024-03-31T17:40:02.197Z"
  }
},
{
  "model": "sessions.session",
  "pk": "38o35c6f84rzqlhf56xkylxogbgzz9dr",
  "fields": {
    "session_data": "eyJmYWNlYm9va19zdGF0ZSI6Ikx6YkdZNFdhWnl2OXR4MVRyamtpZVVTR0J3dzZ1SnFwIn0:1roRvP:hHMJmL50spPjrkfP7QXwZEJ99boUm9oV7GxCi-45xcc",
    "expire_date": "2024-04-07T17:46:27.651Z"
  }
},
{
  "model": "sessions.session",
  "pk": "3bvr0tse0z60mo8q0twjm0tbydndw0jl",
  "fields": {
    "session_data": ".eJxVjEEOwiAQRe_C2hCgkGlduvcMZIYZpGogKe3KeHdt0oVu_3vvv1TEbS1x67LEmdVZWXX63QjTQ-oO-I711nRqdV1m0ruiD9r1tbE8L4f7d1Cwl29tAK0DJiEYjGT2LlhOxIDOg88QBgk8Wc5kArgJHYUxE5qMo4Qho3p_APbKOLU:1roCO2:LInW_MUqDrgO07047wXeroDw5sMhFzJ3mtV9FeqTLAM",
    "expire_date": "2024-04-07T01:10:58.711Z"
  }
},
{
  "model": "sessions.session",
  "pk": "3evcs3irboca5xs533e984n0rgiino2c",
  "fields": {
    "session_data": ".eJxVjDsOg0AMBe_iOlo5C4Q1ZfqcAflHIIlAYqFC3D1CoqF9M_M2UJ4XaLb9Bi2vS9-u2ed2MGjgDpdNWL8-HsA-PL6noNO4zIOEQwknzeE1mf-ep3s56Dn3Ry3sJql0jjUmjIoFqzzMKmJColqRarHSCaUwp065i1WB4ikmZYb9D1cBPGU:1rxY2v:hM8XY9T4483EXOt41x4EZKq2_v-Rk-K-wAuNl6L64cE",
    "expire_date": "2024-05-02T20:07:49.885Z"
  }
},
{
  "model": "sessions.session",
  "pk": "4nrtvsvzgu5sp6ndxt17468uzx08967q",
  "fields": {
    "session_data": "eyJmYWNlYm9va19zdGF0ZSI6ImJVdE5NZnZ5MThhckwxMldRT3pBWEZmMTZ0QjY3SDNGIn0:1roRJt:Qqcs2K-70sqNgI0whjYucB6mvZdXmJtj6U3J8lTLFM8",
    "expire_date": "2024-04-07T17:07:41.018Z"
  }
},
{
  "model": "sessions.session",
  "pk": "4pdf06wxv69mpizfts39tsooxr4b357x",
  "fields": {
    "session_data": ".eJxVjMsOgjAQRf-layW1qFCXGsVHNDG6J9OZoQiEJrREo_HflcSN23vOuS-B0AWxeL1HwjpnGx476EOpch8gsFiIvu6uJxs_sjvtNtV2_Tz4etLYLIHzZbV_ohiJfCjy3nOX3-ibTP43A1hzOwCqoLUuQteG7maiQYl-1EdHR9wsf-7fQQm-HGoDTCadMqhEplKhjAHNnGimQUutE5Q6MTRlLU1MrAuEQs1iaThVKQKI9weObFAS:1ryEXk:qj6SZFvRSD4wAj5viFdf08I5d1edwA-Q8OVW0_gU9hE",
    "expire_date": "2024-05-04T17:30:28.388Z"
  }
},
{
  "model": "sessions.session",
  "pk": "5z9izarwv1jj8lvhwqtebene6fmx3yps",
  "fields": {
    "session_data": ".eJxVjMsOwiAQRf-FtSG8Cy7d-w1kZgCpGkhKuzL-uzbpQrf3nHNfLMK21riNvMQ5sTNT7PS7IdAjtx2kO7Rb59TbuszId4UfdPBrT_l5Ody_gwqjfmu0k1DkKaAtKeSMQYOF4JLwQWoHIDRpCTKQIWn8ZEGpXIRBV5zU3rH3B-uAN6A:1rwWqn:zgBOYEewnk7QB2JDslDBPgIU375WVaeCdUlSTOmb9P0",
    "expire_date": "2024-04-30T00:39:05.229Z"
  }
},
{
  "model": "sessions.session",
  "pk": "6ce6jtg4c29lf2cxan2ezutli10hjxo7",
  "fields": {
    "session_data": ".eJxVjMsOwiAQRf-FtSFAGR4u3fsNBIZBqgaS0q6M_65NutDtPefcFwtxW2vYBi1hzuzMJDv9binig9oO8j22W-fY27rMie8KP-jg157peTncv4MaR_3WCEZL71FaD5MpYCwl1IrcVEREAc6SVl6YksAU0ghgVZQiC5-FS2Zi7w_F8Tci:1rmI7A:xr0YGz0K_8aalGBTYqwBhAF7qVRNoJlZFw-axXEKJTM",
    "expire_date": "2024-04-01T18:53:40.330Z"
  }
},
{
  "model": "sessions.session",
  "pk": "6o8yzqsdc6tmc6kgmh5n6frsun1zrg27",
  "fields": {
    "session_data": ".eJxVjDsOg0AMBe_iOlo5C4Q1ZfqcAflHIIlAYqFC3D1CoqF9M_M2UJ4XaLb9Bi2vS9-u2ed2MGjgDpdNWL8-HsA-PL6noNO4zIOEQwknzeE1mf-ep3s56Dn3Ry3sJql0jjUmjIoFqzzMKmJColqRarHSCaUwp065i1WB4ikmZYb9D1cBPGU:1rxXfh:tlVsD_UtlwsIPGLQrb3fuoISYf5mk3ZOMOGkdmKcxkk",
    "expire_date": "2024-05-02T19:43:49.455Z"
  }
},
{
  "model": "sessions.session",
  "pk": "7phd4r0z9z1ltsrwjpr4we305n5zcf0c",
  "fields": {
    "session_data": "e30:1rwCzA:vq4oOeRfjMtLBq9Cs2Cs6sXYONWnnMznVIkwq91iFeM",
    "expire_date": "2024-04-29T03:26:24.857Z"
  }
},
{
  "model": "sessions.session",
  "pk": "8fv83c2ul77g0ki0rv1rylwuodxaptgs",
  "fields": {
    "session_data": ".eJxVjDsOg0AMBe_iOlo5C4Q1ZfqcAflHIIlAYqFC3D1CoqF9M_M2UJ4XaLb9Bi2vS9-u2ed2MGjgDpdNWL8-HsA-PL6noNO4zIOEQwknzeE1mf-ep3s56Dn3Ry3sJql0jjUmjIoFqzzMKmJColqRarHSCaUwp065i1WB4ikmZYb9D1cBPGU:1rwwH8:hl-3zSqjS94hgrymm9MnaPpxwzm81hBIvddJ0grbQdw",
    "expire_date": "2024-05-01T03:47:58.694Z"
  }
},
{
  "model": "sessions.session",
  "pk": "8r44f62xjopmro307eui6o27h81lze16",
  "fields": {
    "session_data": ".eJxVjDsOwjAQBe_iGln-b0xJnzNY9u6CA8iR4qRC3B0ipYD2zcx7iZS3taat85ImEmehxel3Kxkf3HZA99xus8S5rctU5K7Ig3Y5zsTPy-H-HdTc67cOyBGJwAZjrEeFkaGAtTboeI0DRLbeG4IhhOxZOU2ZnXeOwBhVDIr3B9EaNyM:1rlEz8:MRyhWH4HBWadRKQg68MxDxsB_LF1EigyPIHH2VKjvnk",
    "expire_date": "2024-03-29T21:21:02.692Z"
  }
},
{
  "model": "sessions.session",
  "pk": "8w9sp2c395pt1a4b4zh0qzo8fuk9h0if",
  "fields": {
    "session_data": ".eJxVkMsKwjAQRf8lay02aaatO0EQQdCV25DHpC1NG23ahYj_bqou7GrgDOfeYZ6k8r5yuPZyGmsqwihHJFvyuKsTa52_WH9rOp7Z87TneX95dKa4VkdDVkTMhpgCDqIxUSmWTEndYj8vgteNdEL7AZMfDcm3Njl8xnk3ly_9WoY6yqxUmKfUcJXpQkmWgaWqBGMZIBQW85JTTK0ByCEyTblJNd1QnpUMQPEY-uv_RDsZRuF81fR_By5eQF5vVv1dIg:1rpH7h:eM36mwmwgkrTk75Bum2-BFoW8x2wShbiXqmljkPSlZQ",
    "expire_date": "2024-04-10T00:26:33.117Z"
  }
},
{
  "model": "sessions.session",
  "pk": "8xm09r50bizgmo6kjmrzs9zbaf61ibz8",
  "fields": {
    "session_data": ".eJxVjMsOwiAQRf-FtSFAGR4u3fsNBIZBqgaS0q6M_65NutDtPefcFwtxW2vYBi1hzuzMJDv9binig9oO8j22W-fY27rMie8KP-jg157peTncv4MaR_3WCEZL71FaD5MpYCwl1IrcVEREAc6SVl6YksAU0ghgVZQiC5-FS2Zi7w_F8Tci:1rn28V:poHWOVGHcNu9qeYwUfMGMshkP718EkjgSwGeH-1hojY",
    "expire_date": "2024-04-03T20:02:07.213Z"
  }
},
{
  "model": "sessions.session",
  "pk": "91be093rjldkvk525hpqqamuolt2u5lr",
  "fields": {
    "session_data": ".eJxVjMsOwiAQRf-FtSFAGR4u3fsNBIZBqgaS0q6M_65NutDtPefcFwtxW2vYBi1hzuzMJDv9binig9oO8j22W-fY27rMie8KP-jg157peTncv4MaR_3WCEZL71FaD5MpYCwl1IrcVEREAc6SVl6YksAU0ghgVZQiC5-FS2Zi7w_F8Tci:1rmESE:-mPOjsRRNUPi047ZKJD6OtV0Y56_nCqx_llCQ-ZmBw8",
    "expire_date": "2024-04-01T14:59:10.086Z"
  }
},
{
  "model": "sessions.session",
  "pk": "91co3sviou0rugd90niardxh5vkwjteq",
  "fields": {
    "session_data": ".eJxVkE1rg0AQhv_LnlOJs-6ovZUegoRgLoX2tOzH-BGNC1lNGkL_e9V4iKeBZ3jed5gHK50rW3pzaugrkL5XPbF3di5N_vUNWZ3vYff7c-RNlw_qcL5llb_eT59sw-RkyMHTRdZ2VJI108o01E0L70ytWmnchYKF-uBZG-zmkX9M5Wu_Ur4aZZ5qikOwQkcm0YpHWIBO0RYcCZOC4lQAhYVFjHFkBoQNDWxBRClH1GIMXfrn6Fb5XraurLuXA1cvYH__TyNdJg:1rolnS:irlJnC7QO85T56HtUIGA3sJxPD0yl6FEZP2kpT-RNSo",
    "expire_date": "2024-04-08T14:59:34.539Z"
  }
},
{
  "model": "sessions.session",
  "pk": "a4buxxhos38qdls0x7kovirgwm9qe12c",
  "fields": {
    "session_data": ".eJxVjrEOgzAQQ__lZhQdAUrC2L3fgC6Xo9BWCYUwVIh_L1QsXTz42ZZXYJoSNCuUh7wXCmlIH2h0BuM0sEADhalQIcK2ZdDSkvp2mWVqB7-zHP48R_yUcAD_oHCPimNI0-DUEVEnndUtenldz-zfQE9zf7QdiXemFNI1GtSMBbG7eF9ZsmhtzWhr50ux6AovtmPqdFWgE6MNE-2jHJcxht_LfPsCalFLOA:1rz7t6:fiX8yrQI6n0BBQagTR5h3KdimopP2rTUKGPd-FLEzNs",
    "expire_date": "2024-05-07T04:36:12.055Z"
  }
},
{
  "model": "sessions.session",
  "pk": "a9slzd171daaq09rv2p8qzsyhb7wbi1h",
  "fields": {
    "session_data": ".eJxVjDsOwjAQBe_iGln-b0xJnzNY9u6CA8iR4qRC3B0ipYD2zcx7iZS3taat85ImEmehxel3Kxkf3HZA99xus8S5rctU5K7Ig3Y5zsTPy-H-HdTc67cOyBGJwAZjrEeFkaGAtTboeI0DRLbeG4IhhOxZOU2ZnXeOwBhVDIr3B9EaNyM:1rl674:zCkYkDOnRMV35y6b2dy_kAyWhg8KcKP5NcUMD5ub2_k",
    "expire_date": "2024-03-29T11:52:38.913Z"
  }
},
{
  "model": "sessions.session",
  "pk": "ai32oby1lf7usjmfc2vlsyuxxlc4tsrw",
  "fields": {
    "session_data": ".eJxVjrsOwjAMRf8lcxW5L9owsvMNlWMbWkBJSZMBof47KeoAiwef4-v7VgOmOA5pkTBMrI6qVMXvziLdxW2Ab-iuXpN3MUxWb4re6aLPnuVx2t2_gBGXcbu2KGz7RrDqoIeKoEayB-bWoAFjOgLTWW7EgK1ZzIXwUrU1WOmrnhBzKPk0e_dtWRbKB94r1xlhiOr4zuXzeCZ0cYqvrzaHiST_bwFAA6h1XT-go09O:1rxJHN:zp4Ce9JaN8aOeqGY1o-xcHcU-cAdZvF37Vbk7UC2k5U",
    "expire_date": "2024-05-02T04:21:45.341Z"
  }
},
{
  "model": "sessions.session",
  "pk": "ax1yb8bwc4out4mjql6pxg5cwu6kolcj",
  "fields": {
    "session_data": ".eJxVjMsOgjAQRf-la9OMBaTj0j3f0MwLQU1JKKyM_26asNDtPefct0u0b1Pai61pVnd1Z3f63ZjkabkCfVC-L16WvK0z-6r4gxY_LGqv2-H-HUxUplozmXJsjUIPEYJAQ8IX1Q4JAbEXwJ61NQRu1HAUGkPXAFsMUYjc5wsPvTkZ:1rwln1:_aL5xK6-aQBmHqxSx6vQ4vxwYXnxFOKby60YNw5Kouw",
    "expire_date": "2024-04-30T16:36:11.524Z"
  }
},
{
  "model": "sessions.session",
  "pk": "ay7gpr8siieydlysqyrukfhc7dl8tqjb",
  "fields": {
    "session_data": ".eJxVjMsOwiAQRf-FtSFAGR4u3fsNBIZBqgaS0q6M_65NutDtPefcFwtxW2vYBi1hzuzMJDv9binig9oO8j22W-fY27rMie8KP-jg157peTncv4MaR_3WCEZL71FaD5MpYCwl1IrcVEREAc6SVl6YksAU0ghgVZQiC5-FS2Zi7w_F8Tci:1rmIps:_osdjqcm6OpG5XtlOxk4s70yJ1SamZ_5iz5OMeZwFsE",
    "expire_date": "2024-04-01T19:39:52.768Z"
  }
},
{
  "model": "sessions.session",
  "pk": "b1ft0fk7h4eprrr699hxvnmnunqag5b4",
  "fields": {
    "session_data": ".eJxVjDsOwjAQBe_iGln-b0xJnzNY9u6CA8iR4qRC3B0ipYD2zcx7iZS3taat85ImEmehxel3Kxkf3HZA99xus8S5rctU5K7Ig3Y5zsTPy-H-HdTc67cOyBGJwAZjrEeFkaGAtTboeI0DRLbeG4IhhOxZOU2ZnXeOwBhVDIr3B9EaNyM:1rlWH3:S9J9IJIihlIjNmWELNtLc4a8MMbeCoHDjwAepsJsjjg",
    "expire_date": "2024-03-30T15:48:41.620Z"
  }
},
{
  "model": "sessions.session",
  "pk": "bcoq2mljbhou912zdm6pfub0i4ntn6rq",
  "fields": {
    "session_data": ".eJxVjDsOg0AMBe_iOlo5C4Q1ZfqcAflHIIlAYqFC3D1CoqF9M_M2UJ4XaLb9Bi2vS9-u2ed2MGjgDpdNWL8-HsA-PL6noNO4zIOEQwknzeE1mf-ep3s56Dn3Ry3sJql0jjUmjIoFqzzMKmJColqRarHSCaUwp065i1WB4ikmZYb9D1cBPGU:1ryyKO:N1l_lbH8-hhm32exJhnAIAsAkaUiLXTBZk5mYRafNnE",
    "expire_date": "2024-05-06T18:23:44.815Z"
  }
},
{
  "model": "sessions.session",
  "pk": "bovjiavbv5pkmxron57nrc48opbwq6x6",
  "fields": {
    "session_data": ".eJxVjEEOwiAQRe_C2hCgkGlduvcMZIYZpGogKe3KeHdt0oVu_3vvv1TEbS1x67LEmdVZWXX63QjTQ-oO-I711nRqdV1m0ruiD9r1tbE8L4f7d1Cwl29tAK0DJiEYjGT2LlhOxIDOg88QBgk8Wc5kArgJHYUxE5qMo4Qho3p_APbKOLU:1rrRHF:T_vi0vIq1lW7xH2rzLvFTZnw10LeVpxd-9CJfJoSGCU",
    "expire_date": "2024-04-15T23:41:21.032Z"
  }
},
{
  "model": "sessions.session",
  "pk": "c2l9f5s0zhhterof5foal03uk1bslxu2",
  "fields": {
    "session_data": ".eJxVjDEPgjAQRv9LZ0NKSym6yayDTsaF3HF3gChVC9HE-N_FxMX1e-99LyVQM4bQV3GEkdVKrafusCvj8froQVu7b26bC0eRPDNF_myuaqEqmMa2miLfq47mJP3fEOqehy-gEwxNSOowjPcOk6-S_GhMtoH4XP7cv4MWYjvX2kNqPCGjt5qFMuNSqpE8mMxn4p1lR8uUBLXzZgkGXSEIWqBgZwXU-wOwREpd:1roTwU:HR66GJJuOmJSOX0n0DxGFIUWQ6UaPm4zyLjNlk8NFWE",
    "expire_date": "2024-04-07T19:55:42.372Z"
  }
},
{
  "model": "sessions.session",
  "pk": "cprk2ec8ib3489wob3efeplaaaroearo",
  "fields": {
    "session_data": ".eJxVjDsOwjAQBe_iGln-b0xJnzNY9u6CA8iR4qRC3B0ipYD2zcx7iZS3taat85ImEmehxel3Kxkf3HZA99xus8S5rctU5K7Ig3Y5zsTPy-H-HdTc67cOyBGJwAZjrEeFkaGAtTboeI0DRLbeG4IhhOxZOU2ZnXeOwBhVDIr3B9EaNyM:1rkqHo:XjT0tTuDTGchXBkHG7zKIPvC__OZluF6SXOoVt5ImyQ",
    "expire_date": "2024-03-28T18:58:40.897Z"
  }
},
{
  "model": "sessions.session",
  "pk": "dtc7sw70rxkj00p7bn0z5m1yj6co5hc6",
  "fields": {
    "session_data": ".eJxVjMsOgjAQRf-la9OMBaTj0j3f0MwLQU1JKKyM_26asNDtPefct0u0b1Pai61pVnd1Z3f63ZjkabkCfVC-L16WvK0z-6r4gxY_LGqv2-H-HUxUplozmXJsjUIPEYJAQ8IX1Q4JAbEXwJ61NQRu1HAUGkPXAFsMUYjc5wsPvTkZ:1rwY1y:hQt0Wh3E0V5QLCHL9LEgzEwF8BAE-MMBETLL8Ina8Rw",
    "expire_date": "2024-04-30T01:54:42.118Z"
  }
},
{
  "model": "sessions.session",
  "pk": "dusfhjk5nxmequpihk5ritdb1336mza4",
  "fields": {
    "session_data": ".eJxVjMsOwiAQRf-FtSGl4AAu3fcbyDAzlaqBpI-V8d-1SRe6veec-1IJt7WkbZE5TawuyqjT75aRHlJ3wHest6ap1XWest4VfdBFD43leT3cv4OCS_nWZ8idlWCA0AbrIzCL5T74ETtyCCzOmiie2UpP5AlCdGxGiNF1WUC9P-Y2OBo:1rnm57:eV3Uk9t0SVeTaJ9CWVDSYA62zJ5VIo4Ei3Z8MVlka5g",
    "expire_date": "2024-04-05T21:05:41.175Z"
  }
},
{
  "model": "sessions.session",
  "pk": "dx7gw1ug39nfcmmnoxi3lzj92rqfbzxz",
  "fields": {
    "session_data": ".eJxVjMsOgjAQRf-la9OMBaTj0j3f0MwLQU1JKKyM_26asNDtPefct0u0b1Pai61pVnd1Z3f63ZjkabkCfVC-L16WvK0z-6r4gxY_LGqv2-H-HUxUplozmXJsjUIPEYJAQ8IX1Q4JAbEXwJ61NQRu1HAUGkPXAFsMUYjc5wsPvTkZ:1rwmWj:Zy8UUlYjBq2ItWtI9cnALYlS-XRUXI0oL45Ts3LX-mk",
    "expire_date": "2024-04-30T17:23:25.823Z"
  }
},
{
  "model": "sessions.session",
  "pk": "fhda4laeb388rxv5e7t49hue09w2n5n7",
  "fields": {
    "session_data": ".eJxVjrEOgzAQQ__lZhQdAQph7N5vQJfLUWirhIYwVIh_L1QsXTz42ZZXYIoJ2hX0Ie-FfBrTB1qdwRRHFmhBl4gKEbYtg46WNHTLLLEb3c5y-PMs8VP8AdyD_D0oDj7F0aojok46q1tw8rqe2b-BgebhaFsSZ5tSSNfYoGYsiO3FucqQQWNqRlNbV4pBWzgxPVOvqwKtNLphon2UwzIF_3uZb19hB0ss:1ryxOb:y0ZNiNqyFStu_zfESfIYAh62pUizjiSoCgGnK7aF1gk",
    "expire_date": "2024-05-06T17:24:01.773Z"
  }
},
{
  "model": "sessions.session",
  "pk": "fshofdklv3vhhkn64tr04b5b99soj7qg",
  "fields": {
    "session_data": ".eJxVjDsOg0AMBe_iOlo5C4Q1ZfqcAflHIIlAYqFC3D1CoqF9M_M2UJ4XaLb9Bi2vS9-u2ed2MGjgDpdNWL8-HsA-PL6noNO4zIOEQwknzeE1mf-ep3s56Dn3Ry3sJql0jjUmjIoFqzzMKmJColqRarHSCaUwp065i1WB4ikmZYb9D1cBPGU:1rww6o:Ar_YnFwG_oC122fmqmuNrCGt8ZNhdgfe5QqjCBYGlk4",
    "expire_date": "2024-05-01T03:37:18.619Z"
  }
},
{
  "model": "sessions.session",
  "pk": "hd0hwvl3yhpm7ovkcuovd5y2dq7guoqz",
  "fields": {
    "session_data": "eyJmYWNlYm9va19zdGF0ZSI6ImRkOGh6alNmOXJobUVuSjdaVVJMNzlaRTR6eTh1N2NNIn0:1roR5l:h-6b_YpThjkfULlz07YSyEpObOD99Z_eXwR4Jej340Y",
    "expire_date": "2024-04-07T16:53:05.088Z"
  }
},
{
  "model": "sessions.session",
  "pk": "heamyq3mpwzu9m6ip4d00f09mhlfmf4f",
  "fields": {
    "session_data": ".eJxVjMsOgjAQRf-la9OMBaTj0j3f0MwLQU1JKKyM_26asNDtPefct0u0b1Pai61pVnd1Z3f63ZjkabkCfVC-L16WvK0z-6r4gxY_LGqv2-H-HUxUplozmXJsjUIPEYJAQ8IX1Q4JAbEXwJ61NQRu1HAUGkPXAFsMUYjc5wsPvTkZ:1rwYwi:h3RvzROevl1Ue_s-P-lGyPl1ofHDklMp6_DtQJnImH0",
    "expire_date": "2024-04-30T02:53:20.604Z"
  }
},
{
  "model": "sessions.session",
  "pk": "hfj8svfi1i3v9avf54zhiku5za5kw8vr",
  "fields": {
    "session_data": ".eJxVjMsOgjAQRf-la9OMBaTj0j3f0MwLQU1JKKyM_26asNDtPefct0u0b1Pai61pVnd1Z3f63ZjkabkCfVC-L16WvK0z-6r4gxY_LGqv2-H-HUxUplozmXJsjUIPEYJAQ8IX1Q4JAbEXwJ61NQRu1HAUGkPXAFsMUYjc5wsPvTkZ:1rwZ2s:bO9ytasREkwuw6jlr_JvFhSwkjJ3DEPZ4VLUB9p1QVM",
    "expire_date": "2024-04-30T02:59:42.354Z"
  }
},
{
  "model": "sessions.session",
  "pk": "i4rb90unqg7dsrfxu43gs3dgnugoh30e",
  "fields": {
    "session_data": ".eJxVjDsOwjAQBe_iGln-b0xJnzNY9u6CA8iR4qRC3B0ipYD2zcx7iZS3taat85ImEmehxel3Kxkf3HZA99xus8S5rctU5K7Ig3Y5zsTPy-H-HdTc67cOyBGJwAZjrEeFkaGAtTboeI0DRLbeG4IhhOxZOU2ZnXeOwBhVDIr3B9EaNyM:1rkrJe:uqi0JhUylJDxNayf6Y5BYsseBkQFVRTDzWa_RMbr8oo",
    "expire_date": "2024-03-28T20:04:38.962Z"
  }
},
{
  "model": "sessions.session",
  "pk": "ibmgxuwf0irkmpo2uc9u6oxywsqmwlac",
  "fields": {
    "session_data": ".eJxVjDsOg0AMBe_iOlo5C4Q1ZfqcAflHIIlAYqFC3D1CoqF9M_M2UJ4XaLb9Bi2vS9-u2ed2MGjgDpdNWL8-HsA-PL6noNO4zIOEQwknzeE1mf-ep3s56Dn3Ry3sJql0jjUmjIoFqzzMKmJColqRarHSCaUwp065i1WB4ikmZYb9D1cBPGU:1rxgPt:V-HJ2gu3yJtx-EK34u-Yjgf_hlpSBn3MNyRxqvQfPZU",
    "expire_date": "2024-05-03T05:04:05.173Z"
  }
},
{
  "model": "sessions.session",
  "pk": "ij7c2dh43m5k1hanqzqpck8izphxm8j3",
  "fields": {
    "session_data": ".eJxVjDsOg0AMBe_iOlo5C4Q1ZfqcAflHIIlAYqFC3D1CoqF9M_M2UJ4XaLb9Bi2vS9-u2ed2MGjgDpdNWL8-HsA-PL6noNO4zIOEQwknzeE1mf-ep3s56Dn3Ry3sJql0jjUmjIoFqzzMKmJColqRarHSCaUwp065i1WB4ikmZYb9D1cBPGU:1ryyml:ieWi6yP1ISnbONJhkK0lURNS6tAT0xtf6mu1NpG4x3I",
    "expire_date": "2024-05-06T18:53:03.464Z"
  }
},
{
  "model": "sessions.session",
  "pk": "ik8zewnpq4a93xpyvg6emij62f9xpg6z",
  "fields": {
    "session_data": ".eJxVjDsOg0AMBe_iOlo5C4Q1ZfqcAflHIIlAYqFC3D1CoqF9M_M2UJ4XaLb9Bi2vS9-u2ed2MGjgDpdNWL8-HsA-PL6noNO4zIOEQwknzeE1mf-ep3s56Dn3Ry3sJql0jjUmjIoFqzzMKmJColqRarHSCaUwp065i1WB4ikmZYb9D1cBPGU:1rx6hj:kmXRdQVE3Xmxp3bZ3Z-4ZJwut2mazuduiN_2unTzLOI",
    "expire_date": "2024-05-01T14:56:07.007Z"
  }
},
{
  "model": "sessions.session",
  "pk": "khk3l8x1vg3fhfegqiyihi6bmokvucq7",
  "fields": {
    "session_data": ".eJxVjMsOgjAQRf-la9OMBaTj0j3f0MwLQU1JKKyM_26asNDtPefct0u0b1Pai61pVnd1Z3f63ZjkabkCfVC-L16WvK0z-6r4gxY_LGqv2-H-HUxUplozmXJsjUIPEYJAQ8IX1Q4JAbEXwJ61NQRu1HAUGkPXAFsMUYjc5wsPvTkZ:1rwYcT:wDNfp3XqQctUUZ4qyxIGqeTRa5LcuLDM1asvCjBd4bw",
    "expire_date": "2024-04-30T02:32:25.005Z"
  }
},
{
  "model": "sessions.session",
  "pk": "khm2jwqf3rjsbni2x5fizp3by5rtjy01",
  "fields": {
    "session_data": ".eJxVjDEOgzAQBP9yNbIODMGmTJ83oPP5CE4iSIwpIsTfE0s0NFvszO4GTDFBt4HO8VlpSiF9oSsLeMfAAh3oElEhwr4X0NOaxn5dJPbB_1kJp84RP2XKwD9ous-K5ynF4FRW1EEXdZu9vK6HezoYaRnz2pF4Z2qhqkWDFaMmdhfvG0sWrW0Zbet8LRad9mIHpqFqNDoxlWEi2H9iV0aP:1ryzT0:okU6Xen_vOVQRBVeREIIwpL01LFZIhB8cd9w6TDX4Sg",
    "expire_date": "2024-05-06T19:36:42.403Z"
  }
},
{
  "model": "sessions.session",
  "pk": "khsu3ug0ck8voncxtjw15csxlov0rr20",
  "fields": {
    "session_data": ".eJxVjDsOg0AMBe_iOlo5C4Q1ZfqcAflHIIlAYqFC3D1CoqF9M_M2UJ4XaLb9Bi2vS9-u2ed2MGjgDpdNWL8-HsA-PL6noNO4zIOEQwknzeE1mf-ep3s56Dn3Ry3sJql0jjUmjIoFqzzMKmJColqRarHSCaUwp065i1WB4ikmZYb9D1cBPGU:1rxAmC:E0wW-yiWBBYNpOPO_AN_WDTPyriyS5pvxzoKY9w2L3s",
    "expire_date": "2024-05-01T19:17:00.986Z"
  }
},
{
  "model": "sessions.session",
  "pk": "kpxcw4i7c26l47a4cfqwh8ifmvh8xeae",
  "fields": {
    "session_data": ".eJxVjMEKgkAURf9l1iU6Oky1K3KXCNEi2gzv-d44ZjmgIxHRv5fgxu0959yPqL2vH7z2MAYnzRAgsNgJd32Ve5fbscUyK27Ov58XmZanM3chHJ-5WAkzFWYcuDcN_ZNkuSFULXcToDt0tY8q34W-wWhSopkOUeGJH4fZXRw4GNy_jjUkUhMy6jRmS5lUCVVIGmSmM6tVyoq2CVmMlZZbkKg2FiG2sGGVWhDfH4DyTHo:1rw3jM:9PxByySVNa70ZPt-ti7f0EXt_ZBaavgGVP6WTYRNT78",
    "expire_date": "2024-04-28T17:33:28.330Z"
  }
},
{
  "model": "sessions.session",
  "pk": "lg10palhsi2s5xdp292ctt0fltvwr59c",
  "fields": {
    "session_data": ".eJxVjMsOwiAQRf-FtSFAGR4u3fsNBIZBqgaS0q6M_65NutDtPefcFwtxW2vYBi1hzuzMJDv9binig9oO8j22W-fY27rMie8KP-jg157peTncv4MaR_3WCEZL71FaD5MpYCwl1IrcVEREAc6SVl6YksAU0ghgVZQiC5-FS2Zi7w_F8Tci:1rmITw:NTv2mp1-Md3Hk2Jj5tr_pzu3GhTSw7MdD2Sp6jXq7Xs",
    "expire_date": "2024-04-01T19:17:12.450Z"
  }
},
{
  "model": "sessions.session",
  "pk": "ll229v744f6l49rt7spomai3pwleuzr8",
  "fields": {
    "session_data": ".eJxVjEEOwiAQRe_C2hCgkGlduvcMZIYZpGogKe3KeHdt0oVu_3vvv1TEbS1x67LEmdVZWXX63QjTQ-oO-I711nRqdV1m0ruiD9r1tbE8L4f7d1Cwl29tAK0DJiEYjGT2LlhOxIDOg88QBgk8Wc5kArgJHYUxE5qMo4Qho3p_APbKOLU:1roAb5:kzP2v9b_1x1_XBkK2G_kPiZq2w_Kn7qskAizNhG882k",
    "expire_date": "2024-04-06T23:16:19.982Z"
  }
},
{
  "model": "sessions.session",
  "pk": "m8trquqwrkrv6d3wephqq9qwhmi5xsk7",
  "fields": {
    "session_data": ".eJxVjMsOwiAQRf-FtSFAGR4u3fsNBIZBqgaS0q6M_65NutDtPefcFwtxW2vYBi1hzuzMJDv9binig9oO8j22W-fY27rMie8KP-jg157peTncv4MaR_3WCEZL71FaD5MpYCwl1IrcVEREAc6SVl6YksAU0ghgVZQiC5-FS2Zi7w_F8Tci:1rmH3n:zxXF5hy-FqadDjPk8YUKXAbvjB4fviT7vIPQtMObEdY",
    "expire_date": "2024-04-01T17:46:07.723Z"
  }
},
{
  "model": "sessions.session",
  "pk": "mcap87vgnjg2initkg08djw9krnqp7z3",
  "fields": {
    "session_data": ".eJxVjDsOgzAQRO-yNbKWX7Ap0-cMaHe9BJIIEmOKCHH3xBINzRTz3swGQiFCu0GV4rPSFMf4hTbP4B1GUWihtDUaRNj3DDpa49Cti4Zu9H-Ww6ljkqdOCfgHTffZyDzFMLJJijnoYm6z19f1cE8HAy1DWjOpZ1spFQ1aLARLEr54Xzty6Fwj6Br2lTrk0qvrhfqiLpHVFlaIYP8Ba5FGnA:1rzOZN:wIfMI5FKIVAH7oZaxnTgQ0Vp-0Tjdpnjy1skMDLH8L4",
    "expire_date": "2024-05-07T22:24:57.984Z"
  }
},
{
  "model": "sessions.session",
  "pk": "mz8i9ds9va5w69k709m2hbnpvjaw3jnz",
  "fields": {
    "session_data": ".eJxVjDsOwjAQBe_iGlmJPxtMSZ8zWOvdNQ4gR4qTCnF3iJQC2jcz76UibmuJW5MlTqwuqlen3y0hPaTugO9Yb7Omua7LlPSu6IM2Pc4sz-vh_h0UbOVbg5MMifPQg0_Wi0EDnDs2gGyCJ6Gz9RRIxGWWgTAgBuvABunAGK_eHwgUOJ8:1rUaPW:YzZoBvvCNaAMPn9jSUjAtEK5bnE9LOAu8j3Lfm57WPg",
    "expire_date": "2024-02-12T22:47:26.576Z"
  }
},
{
  "model": "sessions.session",
  "pk": "nfk57uibkkauc3uow6ajvg1fshitzfnf",
  "fields": {
    "session_data": ".eJxVkLsOwjAMRf8lM1Q0bdyGrSAEGywImKI83AeNiNSkDCD-nRYY6GTpWOdey0-iZRfI8vmakcq5yuLcyT7UVPggA5Il4et1zx6PsznqxandHPZ2295rbnbX5nIvqhWZETEaovfYicYMSj5lSuoWb-PCO91IK7TrMPpRH31ro-1n7IuxfOrX0teDnHCFWUwNU6nOlUxSKKniYMoEEPISM84oxqUByGBgmjITa7qgLOUJgGJD6K__E22lD8K6qrn9HTh5AXm9AaIrYBk:1ryxlS:v7LCcqelVc53vYCnxHo42Q5j12M9Mkjqc4DUgNVb0C4",
    "expire_date": "2024-05-06T17:47:38.085Z"
  }
},
{
  "model": "sessions.session",
  "pk": "nwfsj32t32t2uvtg813jgjfkzie6zilp",
  "fields": {
    "session_data": ".eJxVjDsOg0AMBe_iOlo5C4Q1ZfqcAflHIIlAYqFC3D1CoqF9M_M2UJ4XaLb9Bi2vS9-u2ed2MGjgDpdNWL8-HsA-PL6noNO4zIOEQwknzeE1mf-ep3s56Dn3Ry3sJql0jjUmjIoFqzzMKmJColqRarHSCaUwp065i1WB4ikmZYb9D1cBPGU:1rwwPs:tv8xf8Wrioxg58QaZHVDzb_QHH3CTTD44EBSlbuUIos",
    "expire_date": "2024-05-01T03:57:00.494Z"
  }
},
{
  "model": "sessions.session",
  "pk": "oeh51mdm0lqhd7edc5yvq0xa5aqxakxc",
  "fields": {
    "session_data": ".eJxVjEEOwiAQRe_C2hCgkGlduvcMZIYZpGogKe3KeHdt0oVu_3vvv1TEbS1x67LEmdVZWXX63QjTQ-oO-I711nRqdV1m0ruiD9r1tbE8L4f7d1Cwl29tAK0DJiEYjGT2LlhOxIDOg88QBgk8Wc5kArgJHYUxE5qMo4Qho3p_APbKOLU:1ro2pO:c5Y3LmSoYMiHpX-KK08geSZhmIe-M-rSPxxfEm2Xyic",
    "expire_date": "2024-04-06T14:58:34.826Z"
  }
},
{
  "model": "sessions.session",
  "pk": "psvomcql4cq2gk5pqtnpgmudhgtdke8k",
  "fields": {
    "session_data": ".eJxVjDEOgzAQBP9yNbKMbTCmTJ83oMN3Dk4iSIwpIsTfAxINzRY7s7uCx5ShXUEd8V1wzDH_oC0L-KToGVpQRkohJWxbAR0ueeiWmVMXaWcaLl2P_sXjAeiJ42MSfhpzir04FHHSWdwn4vftdC8HA87Dvq7I1aYOZKmm4DyTIrJaGbbUM5ahbrhRLpREvTYVo7a6UUheSk3WOYLtD2TbRlc:1rz00J:IK4PmlCd7yyDD9DrBrsjtp74WJcc4TzIOWyibAn0tRo",
    "expire_date": "2024-05-06T20:11:07.614Z"
  }
},
{
  "model": "sessions.session",
  "pk": "pzc66nglcq31rcjcgp6wfmonnpvo3ze6",
  "fields": {
    "session_data": ".eJxVjMsOwiAQRf-FtSFAGR4u3fsNBIZBqgaS0q6M_65NutDtPefcFwtxW2vYBi1hzuzMJDv9binig9oO8j22W-fY27rMie8KP-jg157peTncv4MaR_3WCEZL71FaD5MpYCwl1IrcVEREAc6SVl6YksAU0ghgVZQiC5-FS2Zi7w_F8Tci:1rmZjV:SxvkjTnLaSu-2DLQoEDpOWknYViu3TklsmqeQGgSJRs",
    "expire_date": "2024-04-02T13:42:25.180Z"
  }
},
{
  "model": "sessions.session",
  "pk": "q14jxcx1rupv2dfjvlewo7tuezuwhoih",
  "fields": {
    "session_data": ".eJxVjDsOg0AMBe_iOlo5C4Q1ZfqcAflHIIlAYqFC3D1CoqF9M_M2UJ4XaLb9Bi2vS9-u2ed2MGjgDpdNWL8-HsA-PL6noNO4zIOEQwknzeE1mf-ep3s56Dn3Ry3sJql0jjUmjIoFqzzMKmJColqRarHSCaUwp065i1WB4ikmZYb9D1cBPGU:1rx0uK:eWOIuFR6wdEXyDKchQVjOspcZxNO0ACHmXWRSWE21bQ",
    "expire_date": "2024-05-01T08:44:44.223Z"
  }
},
{
  "model": "sessions.session",
  "pk": "qe6pwh3hp37b0nfez5cveyim5rkykn8z",
  "fields": {
    "session_data": ".eJxVjDsOg0AMBe_iOlo5C4Q1ZfqcAflHIIlAYqFC3D1CoqF9M_M2UJ4XaLb9Bi2vS9-u2ed2MGjgDpdNWL8-HsA-PL6noNO4zIOEQwknzeE1mf-ep3s56Dn3Ry3sJql0jjUmjIoFqzzMKmJColqRarHSCaUwp065i1WB4ikmZYb9D1cBPGU:1rwwoy:NwyAle-y1h3F4Ogd8C5fo3HoPkhzucf2f8BzYEENHuk",
    "expire_date": "2024-05-01T04:22:56.850Z"
  }
},
{
  "model": "sessions.session",
  "pk": "qo17paiqacbv5xed8fgyp8u6qgxt4brr",
  "fields": {
    "session_data": ".eJxVjMsOgjAQRf-la9OMBaTj0j3f0MwLQU1JKKyM_26asNDtPefct0u0b1Pai61pVnd1Z3f63ZjkabkCfVC-L16WvK0z-6r4gxY_LGqv2-H-HUxUplozmXJsjUIPEYJAQ8IX1Q4JAbEXwJ61NQRu1HAUGkPXAFsMUYjc5wsPvTkZ:1rwZ5I:cpShN8LioJ5yjRxxLdrfXCUmQAFcV75V4S0AtmxOSsY",
    "expire_date": "2024-04-30T03:02:12.538Z"
  }
},
{
  "model": "sessions.session",
  "pk": "r0r10uewocqltxu6v7v0yaxzrrxi9h5m",
  "fields": {
    "session_data": ".eJxVjDsOg0AMBe_iOlo5C4Q1ZfqcAflHIIlAYqFC3D1CoqF9M_M2UJ4XaLb9Bi2vS9-u2ed2MGjgDpdNWL8-HsA-PL6noNO4zIOEQwknzeE1mf-ep3s56Dn3Ry3sJql0jjUmjIoFqzzMKmJColqRarHSCaUwp065i1WB4ikmZYb9D1cBPGU:1rxXNX:hr_5DsAg1ySflbv_qXB7CNnkAyPsGPCyAgIdMgBASoM",
    "expire_date": "2024-05-02T19:25:03.499Z"
  }
},
{
  "model": "sessions.session",
  "pk": "r28lbsvrcbmyvanmahk8uwnqw730t04s",
  "fields": {
    "session_data": ".eJxVjDsOg0AMBe_iOlo5C4Q1ZfqcAflHIIlAYqFC3D1CoqF9M_M2UJ4XaLb9Bi2vS9-u2ed2MGjgDpdNWL8-HsA-PL6noNO4zIOEQwknzeE1mf-ep3s56Dn3Ry3sJql0jjUmjIoFqzzMKmJColqRarHSCaUwp065i1WB4ikmZYb9D1cBPGU:1rx0kL:YDOH6D9v0d9yR06-Kqay4yXNFZ7wy1ZCSwEJ3LUVCtY",
    "expire_date": "2024-05-01T08:34:25.268Z"
  }
},
{
  "model": "sessions.session",
  "pk": "re6m7fvx2s1g099maxvf679c03w2tw6p",
  "fields": {
    "session_data": ".eJxVjMsOwiAQRf-FtSG8Cy7d-w1kZgCpGkhKuzL-uzbpQrf3nHNfLMK21riNvMQ5sTNT7PS7IdAjtx2kO7Rb59TbuszId4UfdPBrT_l5Ody_gwqjfmu0k1DkKaAtKeSMQYOF4JLwQWoHIDRpCTKQIWn8ZEGpXIRBV5zU3rH3B-uAN6A:1rwXKL:SfzpOMuPIf3_5bBGRfNzNZ0K8_g1h7baU6naj0T0q7s",
    "expire_date": "2024-04-30T01:09:37.131Z"
  }
},
{
  "model": "sessions.session",
  "pk": "sx37a2ly02g15pq2qozoz603hp4gap63",
  "fields": {
    "session_data": ".eJxVjEEOwiAQRe_C2hCgkGlduvcMZIYZpGogKe3KeHdt0oVu_3vvv1TEbS1x67LEmdVZWXX63QjTQ-oO-I711nRqdV1m0ruiD9r1tbE8L4f7d1Cwl29tAK0DJiEYjGT2LlhOxIDOg88QBgk8Wc5kArgJHYUxE5qMo4Qho3p_APbKOLU:1rw8kL:P54LDbLe087RgxApOrjLBysYLbASWF6NS8TJ57-bnfE",
    "expire_date": "2024-04-28T22:54:49.306Z"
  }
},
{
  "model": "sessions.session",
  "pk": "sxiz050p2pdmqdi9x7v3ifl63bla1btm",
  "fields": {
    "session_data": ".eJxVjEEOwiAQRe_C2hCgkGlduvcMZIYZpGogKe3KeHdt0oVu_3vvv1TEbS1x67LEmdVZWXX63QjTQ-oO-I711nRqdV1m0ruiD9r1tbE8L4f7d1Cwl29tAK0DJiEYjGT2LlhOxIDOg88QBgk8Wc5kArgJHYUxE5qMo4Qho3p_APbKOLU:1rrR8h:keCECHEIM8VrCeXOqsCLs9nnUd9JDDtK_9dBKkh9mpg",
    "expire_date": "2024-04-15T23:32:31.239Z"
  }
},
{
  "model": "sessions.session",
  "pk": "vrrwpgjexnf3tyjw9riz6ojxgqxoqe71",
  "fields": {
    "session_data": ".eJxVjDsOwjAQBe_iGln-b0xJnzNY9u6CA8iR4qRC3B0ipYD2zcx7iZS3taat85ImEmehxel3Kxkf3HZA99xus8S5rctU5K7Ig3Y5zsTPy-H-HdTc67cOyBGJwAZjrEeFkaGAtTboeI0DRLbeG4IhhOxZOU2ZnXeOwBhVDIr3B9EaNyM:1rkMid:yVgUnFIbcvAkaBc0ZPejBdVE3MrvWynYhZLYNKMi0ks",
    "expire_date": "2024-03-27T11:24:23.489Z"
  }
},
{
  "model": "sessions.session",
  "pk": "weuc478hekusenonx3i3x2ku8yy7rkfb",
  "fields": {
    "session_data": ".eJxVj7EOgzAMRP_FM4pMgEIYu_cbkOOYQlslFMJQIf69pOrQLh7u3p11G3S0xqFbF5m70UELOWS_miW-i0-Gu5G_BsXBx3m0KiHq6y7qEpw8zl_2r2CgZUhpS-JsUwrpGhvUjAWxPTlXGTJoTM1oautKMWgLJ6Zn6nVVoJVGN0x0lDLNEdoNdDrPlXwc4wvaPINpHlmOJ7pEVIiw7wcd1in4z6Z8fwOM6ksr:1rwvyc:Uo8FTLWUA1BFv-5Br5FpEmHDtmxDMTUr07nZUh2pejA",
    "expire_date": "2024-05-01T03:28:50.015Z"
  }
},
{
  "model": "sessions.session",
  "pk": "xksr4f69vony3tht65geji6n1nk3t07f",
  "fields": {
    "session_data": ".eJxVjDsOg0AMBe_iOlo5C4Q1ZfqcAflHIIlAYqFC3D1CoqF9M_M2UJ4XaLb9Bi2vS9-u2ed2MGjgDpdNWL8-HsA-PL6noNO4zIOEQwknzeE1mf-ep3s56Dn3Ry3sJql0jjUmjIoFqzzMKmJColqRarHSCaUwp065i1WB4ikmZYb9D1cBPGU:1rxgC7:0USGXnAsoPqC4qZHkU7BtneXbXkmviyYfX6Py0h6bNo",
    "expire_date": "2024-05-03T04:49:51.590Z"
  }
},
{
  "model": "sessions.session",
  "pk": "y69xjhqle98tnt72ycn6iniwppvolirq",
  "fields": {
    "session_data": "eyJjYXJ0Ijp7fX0:1rwxT4:QPM1gEEIqyA4MEb5OZKkSG_fm2qw1vub-5L_kCRmVX8",
    "expire_date": "2024-05-01T05:04:22.827Z"
  }
},
{
  "model": "sessions.session",
  "pk": "ykadcxvtgssn3azp9042bbqaef67fz9r",
  "fields": {
    "session_data": ".eJxVjMsOgjAQRf-la9OMBaTj0j3f0MwLQU1JKKyM_26asNDtPefct0u0b1Pai61pVnd1Z3f63ZjkabkCfVC-L16WvK0z-6r4gxY_LGqv2-H-HUxUplozmXJsjUIPEYJAQ8IX1Q4JAbEXwJ61NQRu1HAUGkPXAFsMUYjc5wsPvTkZ:1rwq5j:pR6QgldjZZ7GGvwJSE_oZHiv5Bk5A6lNjCWaz_MWofo",
    "expire_date": "2024-04-30T21:11:47.931Z"
  }
},
{
  "model": "sessions.session",
  "pk": "yl5wqtx7b0xkm3wiocfwn8hqht1fjqo9",
  "fields": {
    "session_data": ".eJxVjDsOg0AMBe_iOlo5C4Q1ZfqcAflHIIlAYqFC3D1CoqF9M_M2UJ4XaLb9Bi2vS9-u2ed2MGjgDpdNWL8-HsA-PL6noNO4zIOEQwknzeE1mf-ep3s56Dn3Ry3sJql0jjUmjIoFqzzMKmJColqRarHSCaUwp065i1WB4ikmZYb9D1cBPGU:1rwyRQ:FTQPJL_LLJweGHbSLOb2vjQilV_P1LsIQn3XtiuMWqg",
    "expire_date": "2024-05-01T06:06:44.557Z"
  }
},
{
  "model": "sessions.session",
  "pk": "ylup4nt19spwy1b7q0sa6dizfif4lko4",
  "fields": {
    "session_data": ".eJxVjEEOwiAQRe_C2hCgkGlduvcMZIYZpGogKe3KeHdt0oVu_3vvv1TEbS1x67LEmdVZWXX63QjTQ-oO-I711nRqdV1m0ruiD9r1tbE8L4f7d1Cwl29tAK0DJiEYjGT2LlhOxIDOg88QBgk8Wc5kArgJHYUxE5qMo4Qho3p_APbKOLU:1ro6DH:0wMd-t9A8pAfy8wT-t8ePNdi2sTgezSCq3k4gkPcAnk",
    "expire_date": "2024-04-06T18:35:27.232Z"
  }
},
{
  "model": "sessions.session",
  "pk": "yun0mwhspmuhctd0i8y28tljv8s4xryo",
  "fields": {
    "session_data": ".eJxVjrEOgzAQQ__lZhSFkITA2L3fgC6Xo6StQgthqBD_XpBYWDz42ZZXIJwytCvoQ74LphzzD9qygM8UiaGFyhkppIRtK6DDJQ_dMvPUxbCzUsLF9EgvTgcJT0yPUdCY8hS9OCLipLO4j4HftzN7GRhwHvY2KWJCpXTPyFqXvZKerENTW2d8FWpyNVrHFBqjrayIFTZG1bphKw3tZ_-M_UW4:1rz9Fg:gAUx8EqAIAxoCPqMm3zuK-QWvLBF6MwF789kThKY3tM",
    "expire_date": "2024-05-07T06:03:36.709Z"
  }
},
{
  "model": "sessions.session",
  "pk": "z0imf90e8m36zm8tnopqqiuhtf563h74",
  "fields": {
    "session_data": ".eJxVjMsOgjAQRf-la9OMBaTj0j3f0MwLQU1JKKyM_26asNDtPefct0u0b1Pai61pVnd1Z3f63ZjkabkCfVC-L16WvK0z-6r4gxY_LGqv2-H-HUxUplozmXJsjUIPEYJAQ8IX1Q4JAbEXwJ61NQRu1HAUGkPXAFsMUYjc5wsPvTkZ:1rwYK1:e5QMfBOJ5ghT7XgdbKIvUNPT7m7B3vLBbOOuS76Tz98",
    "expire_date": "2024-04-30T02:13:21.225Z"
  }
},
{
  "model": "sessions.session",
  "pk": "z11eaw0rf3oip6a7h444mln0kzdh8ybc",
  "fields": {
    "session_data": ".eJxVjDEOgzAMRe_iuYoSaIxh7N4zIMeJG9oKJAIT4u4tEgvrf-_9DYTnBbptv0HP65L7taS5HyJ04OCyBZZPGg8Q3zy-JiPTuMxDMIdiTlrMc4rp-zjdy0Hmkv-1Mt3Vtl6woRqTS4G0CtYFbQm58ogVNZG8ZetrIXEaXXCYVKVl8gj7DyaeOzM:1rztHm:_OIW03wnJPtv7uctwnZpQJ0DhZgrkcZqcD5pEgcA80Y",
    "expire_date": "2024-05-09T07:12:50.140Z"
  }
},
{
  "model": "sessions.session",
  "pk": "z3hsz80ls4w1xnjvhvdbz5ldk83rzrop",
  "fields": {
    "session_data": ".eJxVjMsOgjAQRf-la9OMBaTj0j3f0MwLQU1JKKyM_26asNDtPefct0u0b1Pai61pVnd1Z3f63ZjkabkCfVC-L16WvK0z-6r4gxY_LGqv2-H-HUxUplozmXJsjUIPEYJAQ8IX1Q4JAbEXwJ61NQRu1HAUGkPXAFsMUYjc5wsPvTkZ:1rwH2I:m2NJv7o_FQbzjlxRDjvDUa7SUEYytL8blgm3c9oN__Y",
    "expire_date": "2024-04-29T07:45:54.334Z"
  }
},
{
  "model": "sessions.session",
  "pk": "zd2ouwrvf2m9nl3602buba6sivnjjpy6",
  "fields": {
    "session_data": ".eJxVjDsOg0AMBe_iOlo5C4Q1ZfqcAflHIIlAYqFC3D1CoqF9M_M2UJ4XaLb9Bi2vS9-u2ed2MGjgDpdNWL8-HsA-PL6noNO4zIOEQwknzeE1mf-ep3s56Dn3Ry3sJql0jjUmjIoFqzzMKmJColqRarHSCaUwp065i1WB4ikmZYb9D1cBPGU:1rxjB0:RIKu3PocV_nSjj4Zkx0Rti8wkbJt29jRY8jbirsUyEY",
    "expire_date": "2024-05-03T08:00:54.548Z"
  }
},
{
  "model": "sessions.session",
  "pk": "zlh7ckzqnvp878aq8yhofffff7449270",
  "fields": {
    "session_data": ".eJxVkMtuwjAQRf_F6zZqJvE4YYdUCXYsEWwsPyaPJsQidoQC4t_rUBbNaqQzOveO5sFq5-qePp2aQgPSBxWIbZgo9rPD_c_9BLUYOFy7iz6eb7v023Tez8A-mFwMOXkaZWujUqyZVqajYVl4Z1rVS-NGSt7UJ3-1ye41DtulfO03yjdRzkpNIgXLdW4KrbIcK9Al2ipDwqIiUXKgtLKIAiMzwG1q4At4XmaImsfQd_8rulc-yN7V7fDvwNULomDUGNjm8Xz-Aoc7X_I:1rxgGv:WMulIFqP_GiULgid8VsC0pRmRTAX2kmCbQBfcZsBeNU",
    "expire_date": "2024-05-03T04:54:49.839Z"
  }
},
{
  "model": "sessions.session",
  "pk": "zlifr2r88875unekf6rit5fx1ckz0874",
  "fields": {
    "session_data": ".eJxVjMsOgjAQRf-la9OMBaTj0j3f0MwLQU1JKKyM_26asNDtPefct0u0b1Pai61pVnd1Z3f63ZjkabkCfVC-L16WvK0z-6r4gxY_LGqv2-H-HUxUplozmXJsjUIPEYJAQ8IX1Q4JAbEXwJ61NQRu1HAUGkPXAFsMUYjc5wsPvTkZ:1rwnRP:G-bN8aCw_2h5owSmnKtmNZalJo-MEZMhvwKC3i8f-Mg",
    "expire_date": "2024-04-30T18:21:59.750Z"
  }
},
{
  "model": "posts.post",
  "pk": 1,
  "fields": {
    "title": "Культурный пул лояльных изданий: гипотеза и теории",
    "slug": "kulturnyj-pul",
    "photo": "photos/2024/01/28/1.png",
    "content": "Ребрендинг парадоксально переворачивает маркетинг. Побочный PR-эффект охватывает потребительский пул лояльных изданий. Потребительский рынок ускоряет эксклюзивный анализ рыночных цен. Медиабизнес основан на анализе телесмотрения. Принцип восприятия отталкивает сублимированный опрос.\r\n\r\nНаряду с этим, агентская комиссия детерминирует охват аудитории. Сущность и концепция маркетинговой программы искажает обществвенный контент. Стратегия сегментации непосредственно создает анализ рыночных цен.\r\n\r\nПоэтому привлечение аудитории специфицирует стратегический рыночный план. Выставка тормозит инвестиционный продукт, отвоевывая рыночный сегмент. Дело в том, что продвижение проекта подсознательно тормозит системный анализ, опираясь на опыт западных коллег.",
    "time_create": "2024-01-28T15:15:27.905Z",
    "time_update": "2024-01-28T15:15:27.905Z",
    "is_published": true,
    "cat": 1,
    "meta": 1,
    "author": 1,
    "tags": [
      1,
      2
    ]
  }
},
{
  "model": "posts.post",
  "pk": 2,
  "fields": {
    "title": "Социометрический потребительский рынок в XXI веке",
    "slug": "sociometricheskij-potrebitelskij",
    "photo": "photos/2024/01/28/2.png",
    "content": "Лидерство в продажах экономит SWOT-анализ. Рекламный бриф основательно подпорчен предыдущим опытом применения. К тому же показ баннера упорядочивает нестандартный подход.\r\n\r\nАдекватная ментальность инновационна. В соответствии с законом Ципфа, социальный статус не так уж очевиден. Инвестиция, суммируя приведенные примеры, индуктивно определяет продвигаемый план размещения. Фокус-группа, согласно Ф.Котлеру, синхронизирует конкурент, отвоевывая рыночный сегмент. Более того, интеграция требовальна к креативу. Диктат потребителя, суммируя приведенные примеры, изменяет конкурент, учитывая современные тенденции.",
    "time_create": "2024-01-28T15:16:50.435Z",
    "time_update": "2024-01-28T15:16:50.435Z",
    "is_published": true,
    "cat": 2,
    "meta": 2,
    "author": 1,
    "tags": [
      2,
      3
    ]
  }
},
{
  "model": "posts.post",
  "pk": 3,
  "fields": {
    "title": "Эмпирический ребрендинг глазами современников",
    "slug": "empiricheskij-rebrending",
    "photo": "photos/2024/01/28/4.png",
    "content": "Медиамикс, анализируя результаты рекламной кампании, однообразно транслирует обществвенный CTR, не считаясь с затратами. Рекламный блок реально ускоряет потребительский имидж, используя опыт предыдущих кампаний. Поэтому рекламный макет охватывает маркетинг. Несмотря на сложности, стратегия сегментации создает культурный SWOT-анализ.\r\n\r\nМедийная реклама все еще интересна для многих. Рейт-карта, в рамках сегодняшних воззрений, изящно определяет поведенческий таргетинг. Размещение, пренебрегая деталями, уравновешивает метод изучения рынка. Опрос слабо определяет рекламоноситель.",
    "time_create": "2024-01-28T15:17:53.158Z",
    "time_update": "2024-01-28T19:27:25.425Z",
    "is_published": true,
    "cat": 2,
    "meta": 3,
    "author": 1,
    "tags": [
      3,
      4
    ]
  }
},
{
  "model": "posts.post",
  "pk": 4,
  "fields": {
    "title": "Экспериментальный PR глазами современников",
    "slug": "eksperimentalnyj-pr",
    "photo": "",
    "content": "Социальная ответственность охватывает институциональный имидж. Медийная связь ускоряет CTR. Размещение недостижимо. Восприятие марки, согласно Ф.Котлеру, позиционирует медиамикс.\r\n\r\nТаргетирование специфицирует охват аудитории, повышая конкуренцию. Узнаваемость марки откровенно цинична. Анализ зарубежного опыта восстанавливает рыночный комплексный анализ ситуации, учитывая современные тенденции. Узнавание бренда недостижимо. BTL, следовательно, не так уж очевиден. VVVVV",
    "time_create": "2024-01-28T19:29:16.604Z",
    "time_update": "2024-03-23T19:46:21.684Z",
    "is_published": true,
    "cat": 3,
    "meta": null,
    "author": 2,
    "tags": [
      4
    ]
  }
},
{
  "model": "posts.post",
  "pk": 6,
  "fields": {
    "title": "Краткая биография группы The Beatles",
    "slug": "kratkaya-biografiya",
    "photo": "photos/2024/01/29/муз_31592980793_0_209_3000_1897_1920x0_80_0_0_f04a839559668b2e94059b9_E0cp6ls.jpeg",
    "content": "Основана: в марте 1957 г., Ливерпуль, Великобритания\r\n\r\nПрекратила существование: зимой 1975 года.\r\n\r\nС момента распада группы и до убийства Леннона сотни миллионов людей мечтали о том, что легендарные «Битлз» все-таки воссоединятся. Об основных этапах пути группы расскажет «краткая биография».\r\n\r\n\r\n\r\nИз школьного ансамбля\r\n\r\nВ музыкальный коллектив, который организовал Джон Леннон, влились Пол Маккартни (1957), Дж. Харрисон (1958), в августе 1960 стала называться «Битлз», а через три года вышла первая пластинка группы.\r\n\r\n\r\nПервые успехи\r\n\r\nДебютный альбом «Please, Please Me» оказался в первых строчках сразу нескольких хит-парадов Великобритании. К этому времени четверка перебралась в Лондон, они стали героями газетных статей и программ ТВ.\r\n\r\n\r\nБитломания\r\n\r\nЧетвертый сингл «Битлов» стал рубежом, после которого по всей Британии пошла волна фанатичного обожания ливерпульской четверки. Гастроли в Англии, а затем в США прибавляли все новые миллионы обожателей группы.\r\n\r\n\r\nКумиры миллионов\r\n\r\nПопулярность «Битлз» стала всемирной. Королева наградила артистов орденами, вышли еще несколько альбомов, выступление по телевидению смотрели 400 миллионов человек в более чем 25 странах. Члены «Битлз» стали персонажами музыкального мультфильма «Желтая подводная лодка».\r\n\r\n\r\nПоследние годы\r\n\r\nПостепенно члены группы начали стремиться к сольным проектам, усилились трения внутри коллектива, провалились несколько проектов. Последней каплей стало вмешательство новой пассии Леннона, художницы Йоко Оно в дела «Битлз». Последний концерт состоялся в январе, а последняя запись – в мае 1969 года. Музыкальный фильм «Let lt Be» получил оскаровскую премию в 1970 году.\r\n\r\n\r\nДо наших дней\r\n\r\nНесмотря на попытки воссоединения группы, дата 9 января 1975 года стала финальной в существовании «Битлз». Судьба артистов четверки сложилась по-разному: Леннон был застрелен психопатом, через 5 лет после распада группы, Харрисон умер от рака в 2001 году, Ринго Старр и Пол Маккартни живы и по мере сил занимаются музыкой",
    "time_create": "2024-01-29T22:01:26Z",
    "time_update": "2024-01-29T22:01:26.001Z",
    "is_published": true,
    "cat": 4,
    "meta": null,
    "author": 6,
    "tags": [
      1,
      2
    ]
  }
},
{
  "model": "posts.post",
  "pk": 7,
  "fields": {
    "title": "Тренды маркетинга 2024",
    "slug": "trendy-marketinga",
    "photo": "photos/2024/01/29/м3_тренды_digital-маркетинга_2024.jpeg",
    "content": "1. Искусственный интеллект (ИИ) и машинное обучение: революция в персонализации и аналитике\r\nИскусственный интеллект (ИИ) и машинное обучение (МО) изменяют правила игры в маркетинге. Эти технологии не только повышают эффективность маркетинговых кампаний, но и открывают совершенно новые горизонты для персонализации и аналитики. В 2024 году мы ожидаем несколько ключевых тенденций, которые будут определять использование ИИ и МО в маркетинге.\r\n\r\n1. Глубокая персонализация: ИИ способен анализировать огромные объемы данных для создания глубоко персонализированных маркетинговых сообщений. Это означает, что компании могут предлагать продукты и услуги, которые точно соответствуют индивидуальным предпочтениям и поведению их клиентов.\r\n\r\n2. Предсказательный анализ: МО может прогнозировать будущие тенденции покупательского поведения, основываясь на исторических данных. Это позволяет маркетологам быть на шаг впереди, адаптируя стратегии и кампании в соответствии с предсказанными изменениями.\r\n\r\n3. Улучшенная аналитика клиентского опыта: ИИ может анализировать данные об опыте клиентов в реальном времени, предоставляя компаниям ценную информацию о том, что работает, а что нуждается в улучшении. Это позволяет брендам оперативно оптимизировать клиентский опыт.\r\n\r\n4. Интеграция с другими технологиями ИИ: интегрируется с другими передовыми технологиями, такими как машинное обучение, большие данные и облачные вычисления, обеспечивая более глубокий и всесторонний подход к маркетингу. Эта синергия усиливает возможности аналитики, персонализации и автоматизации.\r\n\r\n2. Голосовой поиск и SEO: адаптация к изменяющимся требованиям поисковых систем\r\nВторым значительным трендом в маркетинге 2024 года является растущее влияние голосового поиска на SEO (поисковую оптимизацию). С увеличением использования голосовых ассистентов и устройств с функцией голосового управления, бизнесу необходимо адаптироваться к новым реалиям поискового маркетинга. Давайте рассмотрим ключевые моменты этой трансформации.\r\n\r\nОптимизация под голосовые запросы.\r\nГолосовой поиск часто отличается от традиционного текстового поиска. Запросы становятся более естественными и разговорными. Это требует от компаний переосмысления подходов к ключевым словам и контенту, делая акцент на естественном языке и длиннохвостовых запросах.\r\n\r\nЛокальный SEO\r\nГолосовой поиск часто используется для поиска местных предложений и услуг. Это означает, что локальный SEO становится еще более важным. Компаниям необходимо уделять внимание оптимизации своих локальных листингов, карт Google и информации о местоположении.\r\n\r\nУлучшение пользовательского опыта\r\nС увеличением использования голосового поиска, важно обеспечить, чтобы веб-сайты были оптимизированы для быстрой загрузки и предоставления точных, кратких и релевантных ответов. Это поможет улучшить общий пользовательский опыт и повысить шансы на высокие позиции в результатах голосового поиска.\r\n\r\nИнтеграция с умными устройствами\r\nГолосовой поиск также интегрируется с различными умными устройствами и домашними помощниками. Бренды могут исследовать возможности встраивания своих продуктов и услуг в экосистемы умных устройств, чтобы быть более доступными для голосового поиска.\r\n\r\nКонтент, ориентированный на голосовой поиск\r\nСоздание контента, оптимизированного для\r\n....",
    "time_create": "2024-01-29T22:06:02.188Z",
    "time_update": "2024-01-29T22:06:31.853Z",
    "is_published": true,
    "cat": 2,
    "meta": 10,
    "author": 5,
    "tags": [
      2,
      3
    ]
  }
},
{
  "model": "posts.post",
  "pk": 8,
  "fields": {
    "title": "Египетские пирамиды",
    "slug": "egipetskie-piramidy",
    "photo": "photos/2024/01/29/3_ист18f5cbf6-4875-11ed-9315-3aa5bb56ade3.1080x810.jpeg",
    "content": "Для современного человека древний Египет – это прежде всего пирамиды. Пирамид в Египте немало, но обыкновенно имеют в виду три великие у нынешнего селения Гиза (подле Каира). Правда, по-настоящему великие из них только две – пирамида Хеопса и пирамида Хефрена с Большим Сфинксом.\r\n\r\nРукотворными горами назвал их средневековый путник. Если стать у подножия одной из двух величайших, то взор отказывается объять необъятную громаду.\r\n\r\n \r\n\r\n\r\n\r\nПирамида Хеопса - кратко\r\n\r\n \r\n\r\nСамая большая пирамида царя IV династии Хуфу (Хеопса) занимала площадь более чем 5 га и имела высоту 146,5 м. Она была сложена из 2300 тыс. граненых камней, из которых каждый весил в среднем 2,5 тонны. Вторая по величине пирамида царя той же династии Хафра (Хааф-Рии, Хефрена) была ниже первой всего на 3 м. Третья – преемника Хафра Менкаура (Мин-куу-Рии, Микерина) – сильно уступала двум первым: она не достигала и половины их высоты.\r\n\r\nЛюбопытное вычисление произвел Наполеон во время своего египетского похода. Пока его сподвижники лазали на самую высокую пирамиду, Бонапарт подсчитал, что камня, из которого была сложена эта и две другие пирамиды, хватило бы на стену вокруг всей Франции высотой 3 м и толщиной 30 см.\r\n\r\nНо поражают не только размеры, поражает и совершенство работы. Громадные граненые глыбы, из которых сложены пирамиды, пригнаны одна к другой с изумительной точностью. Облицовочные же камни во внутренних помещениях и на наружных склонах сомкнуты настолько плотно, что между ними не просунуть и лезвия ножа, а внутри самой большой пирамиды – даже иглы, листа бумаги или волоса. И вся эта облицовка снаружи, а то и внутри была вылощена до зеркального блеска. В настоящее время наружная облицовка сохранилась вверху второй пирамиды, частично осталась внизу на третьей; от облицовки первой не осталось почти ничего. Из-за разрушения наружной облицовки обнаружилась внутренняя уступчатая кладка, но некогда треугольные грани пирамид представляли собой сверху донизу ровные, гладкие поверхности. То были в самом строгом (геометрическом) смысле безупречно правильные пирамиды. И каждая грань, особенно у самой большой пирамиды, была с удивительной точностью обращена к одной из четырех стран света.\r\n\r\nЕгипетские пирамиды\r\nПирамиды в Гизе\r\n\r\n \r\n\r\nЧудовищное давление каменных пластов на внутренние помещения распределялось с помощью разгрузочных пустот, ступенчатых сводов и седлообразных перекрытий. В проходах огромные плиты-заслоны свободно поднимались и опускались по прорезям в камне. В толще пирамиды Хуфу по мере ее роста древние зодчие трижды меняли местоположение склепа, не заполняя прежние склепы и ходы к ним камнем, но сохраняя их полыми в готовой толще кладки.\r\n\r\nЕгипетские пирамиды слыли у древних греков одним из «семи чудес света», но на деле они оказались еще удивительнее. Остальные шесть «чудес» (Фаросский маяк, Колосс Родосский, Сады Семирамиды, храм Артемиды Эфесской, Зевс Фидия, Галикарнасский Мавзолей) погибли, а пирамиды стоят. Средневековые и позднейшие властители Египта сдирали с них облицовку для своих построек, но разрушить пирамиды было им не под силу.\r\n\r\nХотя греко-римские авторы единодушно заверяли, что пирамиды были царскими гробницами, многим впоследствии не верилось, а иным и по сию пору не верится, что это действительно так. Пирамиды принимали за храмы, места тайнодействий, хозяйственные постройки, сооружения для наблюдения небесных светил, заслоны от песков пустыни.\r\n\r\nИным мерещилось, что у таких необыкновенных сооружений должны были быть и необыкновенные создатели – выходцы из загадочной Атлантиды или даже гости из потусторонних миров. Особенно повезло самой большой пирамиде. Сколько труда и изобретательности было затрачено, чтобы на основании ее размеров и частей, склепов и переходов создать научные истины, предсказания и тайные учения!",
    "time_create": "2024-01-29T22:13:40.406Z",
    "time_update": "2024-01-29T22:13:40.406Z",
    "is_published": true,
    "cat": 3,
    "meta": 9,
    "author": 7,
    "tags": [
      3,
      4
    ]
  }
},
{
  "model": "posts.post",
  "pk": 9,
  "fields": {
    "title": "iPhone получит искусственный интеллект",
    "slug": "iphone-poluchit",
    "photo": "photos/2024/01/29/ит_3iPhone_получит_искусственныи_интеллект.webp",
    "content": "Мобильная операционная система iOS 18 станет одним из крупнейших обновлений программного обеспечения в истории iPhone, а главной инновацией станет интеграция генеративного искусственного интеллекта непосредственно в iOS.\r\n\r\niOS 18 представят в июне 2024 года на конференции разработчиков Apple - WWDC. А обновление устройств до iOS 18 произойдет в сентябре.\r\n\r\nО том, что искусственный интеллект станет главной \"фишкой\" iOS 18 рассказывали и ранее, но точку в этом обсуждении поставил Марк Гурман из Bloomberg, самый авторитетный инсайдер по продуктам и бизнесу Apple. Его прогнозы относительно этой компании всегда сбываются максимально точно и полно.\r\n\r\nПо словам Гурмана, в iOS 18 будет реализована генеративная технология искусственного интеллекта, которая \"должна улучшить то, как Siri и приложение \"Сообщения\" могут формулировать вопросы и автоматически дописывать предложения\", но главное, что Apple активно исследует возможности генеративного искусственного интеллекта для таких популярных приложений как Apple Music, Pages, Keynote и Xcode.\r\n\r\nНапример, планируется, что в Apple Music ИИ будет предлагать автоматически генерируемые плейлисты, а такие приложения, как Pages и Keynote, смогут создавать по запросу пользователя тексты и слайды. Apple также хочет использовать большие языковые модели (LLM), чтобы упростить автоматизацию сложных сценариев работы iPhone с помощью приложения \"Ярлыки\".\r\n\r\nВ Apple уверены, что с помощью LLM они смогут превратить Siri в идеального персонального помощника.\r\nЕще одним обновлением iOS 18 станет переход на современный стандарта Rich Communication Services (RCS) в качестве альтернативы SMS/MMS. Приложение iMessage останется и в iOS 18, но RCS позволит пользователями iPhone и Android общаться более свободно. Отправка с iPhone фотографий и видео пользователям Android больше не будет приводить к ошибкам, а групповые чаты станут работать быстрее. Также появятся такие функции, как кроссплатформенные эмодзи, уведомления о прочтении и индикаторы набора текста в реальном времени.\r\n\r\nПо мнению ведущего аналитика Mobile Research Group Эльдара Муртазина, кампания по внедрению ИИ в iOS 18 больше маркетинговая, чем потребительская история, так как сегодня у рынка и акционеров складывается впечатление, что Apple уступает в этом аспекте другим BigTech-компаниям: Google, Samsung, OpenAI, Microsoft.\r\n\r\n\"Apple действительно отстали и в разработке, и во внедрении LLM-моделей в реальные устройства и сервисы, но справедливости ради надо сказать, что в смартфонах Google и Samsung ИИ пока приносит потребителям мало реальной пользы. Если же говорить о том, что именно появится iOS 18, то это почти наверняка будут ИИ-алгоритмы для работы с фото, видео, текстом и голосом\", - отметил Муртазин.\r\n\r\nО том, что в самой Apple осознают свое отставание в области искусственного интеллекта, говорит и тот факт, что Apple не афишируя скупает ИИ-стартапы и активно нанимает ИИ-разработчиков. С начала 2017 года компания уже купила 21 такой стартап, а последнее поглощение произошло в 2023 году. Тогда Apple приобрела сервис WaveOne, который разрабатывает технологию сжатия видео на основе искусственного интеллекта.\r\n\r\nИнтересно, что подход Apple к внедрению ИИ в свои устройства принципиально отличается от Google, OpenAI, Samsung и Microsoft. Эти компании разворачивают свои LLM в облаке, и, таким образом, запрос пользователя или какая-то функция приложения обрабатывается в мощных дата-центрах, а на устройство возвращается результат, который выдала нейросетевая модель.\r\n\r\nВ Apple по традиции пошли своим путем. Там считают, что запросы пользователя не должны покидать его устройство, а работу модели, находящейся на iPhone или iPad, будет обеспечивать мобильный процессор самого устройства.\r\n\r\nМенеджер продуктов компании Innostage Евгений Сурков считает, что идея приближения ИИ к пользователю несет интересные возможности и для Apple. Это, например, возможность обработки конфиденциальных данных на устройстве без передачи на сервера компании. Второй аспект - перекладывание на пользователей части затрат на вычислительные мощности, используемые для обработки данных, с формированием единой системы распределенных вычислений. Так называемого \"облачного ИИ\" на стороне пользователя, но под контролем компании.\r\n\r\n\"С точки зрения владельцев iPhone это может снять опасения по доступности ИИ-функционала в условно-автономном режиме и той же конфиденциальности, а также - при достаточной мощности пользовательского устройства - снизить время реакции на базовые запросы. А формируемая в итоге система за счет большей децентрализации может оказаться более устойчивой во время техногенных кризисов, - отмечает Сурков.\r\n\r\nЭксперт также отметил, что для успешной реализации данного подхода может быть применен поэтапный переход, который станет драйвером дальнейших вложений в мощность оборудования, как со стороны компании, так и со стороны пользователя, то есть стимулирует его на приобретение новых моделей iPhone.\r\nНа старте может быть доступен базовый, ограниченный набор функций, а вся ИИ-система будет существовать в виде гибрида, где часть вычислений по-прежнему будет обрабатываться на серверах. В дальнейшем, по мере наращивания мощности мобильных процессоров, все больше функций (и все больше затрат) можно будет делегировать пользователям и их смартфонам",
    "time_create": "2024-01-29T22:15:48.323Z",
    "time_update": "2024-01-29T22:15:48.323Z",
    "is_published": true,
    "cat": 1,
    "meta": 8,
    "author": 4,
    "tags": [
      1,
      2,
      3
    ]
  }
},
{
  "model": "posts.post",
  "pk": 10,
  "fields": {
    "title": "30 интересных фактов про Иоганна Баха",
    "slug": "30-interesnyh",
    "photo": "photos/2024/01/29/муз_220220302-muzykaln-e6f76ee1.jpeg",
    "content": "Первым его учителем музыки был старший брат. Учить Иоганна Себастьяна он начал, когда тому было десять лет.\r\nУ Баха было восемь братьев и сестёр, причём он был самым младшим из них. Но когда ему было всего десять лет, дети осиротели, оставшись без родителей.\r\nИоганн Себастьян Бах происходил из династии музыкантов. Его предки на протяжении поколений тем или иным образом занимались музыкой.\r\nВ юности он пел в церковном хоре.\r\nВ Германии установлено целых 11 памятников Баху (см. 27 интересных фактов о Германии).\r\nЖизни Баха посвящено два десятка документальных и художественных фильмов.\r\nДети композитора пошли по его стопам, и добились довольно заметного успеха. Несравнимого, впрочем со славой их отца.\r\nИоганн Себастьян Бах любил спать под музыку.\r\nВеликий композитор не отличался сдержанным характером. Выходя из себя, он последними словами проклинал своих подчинённых и даже занимался рукоприкладством.\r\nИоганн Себастьян Бах является лучшим композитором в истории человечества по версии популярного издания New York Times.\r\nМузыка Баха была запущена в космос. Она содержится на том самом знаменитом золотом диске, который отправился в бесконечное путешествие между звёздами на космическом аппарате «Вояджер» (см. 22 интересных факта о космосе).\r\nВ середине XVIII века в Германии было создано «Баховское общество», члены которого занимались изучением творчества этого композитора. Со своей задачей оно справилось за 50 лет, после чего было распущено.\r\nБудучи человеком прогрессивных взглядов, Иоганн Бах немало постарался, чтобы к пению в церковном хоре начали допускать не только мужчин, но и женщин.\r\nО творчестве Баха очень высоко отзывался другой великий композитор, Бетховен.\r\nВсемирно известный писатель Гёте считал Иоганна Себастьяна Баха своим любимым композитором, утверждая, что его музыка помогает ощутить гармонию с самим собой.\r\nВ течение жизни Бах сочинил более тысячи музыкальных произведений.\r\nКомпозитор великолепно играл на таком сложном музыкальном инструменте, как орган. Более того, он и сейчас считается одним из самых виртуозных органистов в истории музыки. Также он отлично играл на клавире.\r\nПосле смерти Иоганна Баха он постепенно был забыт, а его могила утеряна. Её обнаружили лишь в конце 19-го века, причём совершенно случайно.\r\nЗа свою жизнь Иоганн Себастьян Бах отметился во всех музыкальных жанрах, кроме оперы.\r\nПристрастия в еде у него были довольно своеобразные. Например, он любил лакомиться селёдочными головами.\r\nБах за свою жизнь успел пожить в 8 городах, но никогда не покидал родной страны надолго.\r\nОдин наниматель настолько не хотел отпускать Иоганна Баха, вознамерившегося сменить работодателя, что нажаловался на него в полицию, и в результате композитор просидел под арестом почти месяц.\r\nУ него был не только абсолютный слух, но и просто невероятная память. Бах запросто мог сыграть ранее не известное ему музыкальное произведение, прослушав его всего один раз.\r\nМир увидел биографию Иоганна Себастьяна Баха в начале 19-го века благодаря другому немецкому композитору, Иоганну Форкелю, который и является её автором.\r\nПомимо родного немецкого, Иоганн Себастьян Бах свободно владел французским и английским языками (см. 16 интересных фактов о языках).\r\nЛюбимым композитором Баха был Дитрих Букстехуде. Однажды Бах даже прошёл пешком полсотни километров, чтобы попасть на его концерт.\r\nИоганн Себастьян Бах был человеком верующим и богобоязненным, всю жизнь он исправно посещал церковные службы.\r\nКомпозитор был дважды женат. У него было 20 детей, но выжили из них лишь 12.\r\nПервой супругой Баха была его собственная кузина.\r\nЛюбимым музыкальным инструментом Баха был орган, и именно для него он писал большинство своих произведений",
    "time_create": "2024-01-29T22:19:30.310Z",
    "time_update": "2024-01-29T22:19:30.310Z",
    "is_published": true,
    "cat": 4,
    "meta": 7,
    "author": 6,
    "tags": [
      2,
      3,
      4
    ]
  }
},
{
  "model": "posts.post",
  "pk": 11,
  "fields": {
    "title": "МАРКЕТИНГ В МЕНЯЮЩЕМСЯ МИРЕ",
    "slug": "marketing-v",
    "photo": "photos/2024/01/29/м2_тренды_digital-маркетинга_2024.jpeg",
    "content": "В наши дни маркетинг сложен как никогда. С развитием технологий эта сфера преобразилась и разделилась на множество дисциплин; а пандемия, движение Black Lives Matter, климатический кризис и другие события повышают требования к социальной ответственности маркетологов. Под влиянием этих разнонаправленных факторов маркетинговые подразделения меняются, становясь более гибкими, начиная теснее взаимодействовать с другими отделами и отвечать за стимулирование роста компании. Неудивительно, что лидеры не всегда четко понимают роль маркетинга и беспокоятся о его эффективности. Наш опрос менеджеров по маркетингу из 493 компаний показал: в традиционных корпорациях работой отдела довольны лишь 20% лидеров, в цифровых компаниях эта доля лишь ненамного выше. При поддержке Mobile Marketing Association и в сотрудничестве с бывшим глобальным вице-президентом Coca-Cola по цифровым технологиям и активам Петером Схелстрате мы два года изучали изменения в маркетинговых подразделениях. Чтобы осмыслить проблему и понять, как лидеры адаптируют свои отделы к новой среде, мы провели 125 глубинных интервью с директорами по маркетингу из разных отраслей. Выяснилось, что большинство из них стратегически инвестировали в маркетинговые программы, технологии и структуры, чтобы извлечь выгоду из новых возможностей для роста. Но их попыткам трансформировать подразделение препятствовало отсутствие четкой методологии. Решив создать практическое руководство для компаний, мы начали с выяснения того, как именно маркетологи могут поспособствовать развитию компании. Нам удалось очертить шесть широких сфер создания ценности. Затем мы составили список из 72 маркетинговых компетенций (для решения как традиционных, так и новых задач), необходимых для создания ценности в этих сферах. Насколько нам известно, это самый полный из подобных списков. При участии 10 директоров по маркетингу из ведущих компаний мы разработали аналитический метод, который и описали в этой статье. С его помощью можно создать маркетинговое ценностное предложение, выбрать необходимые компетенции и выстроить конкурентоспособный отдел маркетинга нового поколения. Наша модель уже служит основой для маркетинговых трансформаций и в традиционных, и в цифровых компаниях из разных отраслей, таких как транспорт, финансовые услуги, потребительские товары и ритейл. ИДЕЯ КОРОТКО Проблема Сегодня лидерам трудно разобраться в новой роли маркетинга и понять, как сделать его эффективным. Попыткам трансформации маркетингового отдела мешает отсутствие четкой методологии определения его функции и планирования работы. Решение Авторы статьи предлагают практичную схему, помогающую выяснить, как маркетинговое подразделение может способствовать росту компании, создавая для клиентов и самой компании те или иные типы ценности. Результат Компании из разных отраслей применяют эту схему для выявления разрыва между тем, чем они заняты сейчас, и тем, на чем надо сосредоточиться; для определения компетенций, которые нужно развить, сохранить на прежнем уровне либо сократить, отдать на аутсорсинг или автоматизировать; а также для перестройки отдела маркетинга с целью реализации нового ценностного предложения. ОПРЕДЕЛЕНИЕ МАРКЕТИНГОВОГО ЦЕННОСТНОГО ПРЕДЛОЖЕНИЯ\r\n\r\nИсточник: https://big-i.ru/marketing/marketingovaya-strategiya/854819/",
    "time_create": "2024-01-29T22:21:41.076Z",
    "time_update": "2024-01-29T22:21:41.076Z",
    "is_published": true,
    "cat": 2,
    "meta": 6,
    "author": 5,
    "tags": [
      2,
      3,
      4
    ]
  }
},
{
  "model": "posts.post",
  "pk": 12,
  "fields": {
    "title": "Стоунхендж (Великобритания)",
    "slug": "stounhendzh-velikobritaniya",
    "photo": "photos/2024/01/29/ист2_ancient-architecture.jpeg",
    "content": "Стоунхендж - одна из самых известных достопримечательностей Великобритании, которая представляет собой грандиозный археологический объект эпохи неолита. Это древнее мегалитическое сооружение было построено между 3000 и 1500 годами до н.э. и включено в список Всемирного наследия ЮНЕСКО. Таинственный Стоунхендж состоит из огромных каменных глыб, которые называются менгиры или мегалиты. Точное предназначение его до сих пор не известно. Хотя археологи склоняются к выводу, что Стоунхендж - это или древнее кладбище, или сооружение древних астрономов для предсказания космических явлений.\r\n\r\nСтоунхендж расположен в 130 км юго-западнее Лондона недалеко от города Солсбери. \r\n\r\nИстория\r\nОкрестности Стоунхенджа были заселены 10 000 лет назад. Хотя его строительство началось в 3 000 г. до н.э и завершено, вероятно, в 1 500 году до н.э. Точный перевод староанглийского названия этого объекта (Stanhengues) неизвестен. В Средневековье оно трактовалось как \"висячие камни\" . Современное название Stonehenge переводится как \"каменный круг\".\r\n\r\nЛандшафт Стоунхенджа является одним из наиболее хорошо сохранившихся районов меловой (известняковой) низменности в Великобритании. Этот археологический памятник расположен на краю равнины Солсбери в окружении невысоких холмов и сухих речных долин. \r\n\r\nСтоунхендж ночью\r\nСтоунхендж ночью\r\nИсторию Стоунхенджа можно разделить на четыре этапа:\r\n\r\n3100 лет до н.э. - Стоунхендж является крупным земляным сооружением, которое состояло из круглого рва и отверстий (ям) в известняковой породе. Раскопки выявили кремированные человеческие кости в некоторых отверстиях, но сами они, вероятно, были сделаны не для захоронений, а как часть религиозной церемонии. Вскоре после этого Стоунхендж был заброшен почти на тысячу лет. \r\nОколо 2150 года до н.э. - Стоунхендж обретает современные черты. Из Южного Уэльса были доставлены 84 голубых камня. Каждый камень имел вес от 2 до 5 тонн. Их перевозили по воде вдоль южного побережья Уэльса и вверх по рекам до Солсбери. Расстояние доставки составило 250 - 300 км. Эти камни были установлены в центре, чтобы сформировать неполный двойной круг. В тот же период были завершены земляные работы по его расширению.\r\nОколо 2000 г. до н.э. - строительство внешнего круга из сарсеновых камней, которые добывали в Северном Уилтшире (примерно 30 км от Стоунхенджа). Самый большой из этих камней весит около 50 тонн. Просто невероятно, как удалось его доставить сюда и установить. \r\nПосле 1500 г. до н.э. - завершение строительства Стоунхенджа. Синие камни образовали подкову и круг, который мы видим сегодня.\r\nМегалиты Стоунхенджа\r\nМегалиты Стоунхенджа\r\nМногие синие камни и сарсены были вывезены / повреждены в период Римской империи и Средневековья. Первые раскопки на месте Стоунхенджа начались в 16 веке. В 1874–1877 годах был сделан первый точный план расположения камней. Современные научные археологические исследования были проведены в 1901 году. \r\n\r\nОписание Стоунхенджа\r\nСтоунхендж представляет собой грандиозное каменное мегалитическое сооружение, которое состоит из 30 сарсеновых камней (песчаник) и 64 голубых камней. Эти камни образовывали форму подковы и внешнего круга (кольца). \r\n\r\nПлан Стоунхенджа\r\nПлан Стоунхенджа\r\nПлан Стоунхенджа:\r\n\r\n1 — алтарь\r\n2-3 — курганы \r\n4 — эшафот или Упавший камень\r\n5 — Пяточный камень\r\n7 — земляной ров\r\n8 — внутренний вал\r\n9 — внешний вал\r\n10 — рвы и валы, которые ведут к реке Эйвон. Называются авеню. \r\n11 — Y-лунки\r\n12 — Z-лунки\r\n13 — 56 ям, образующих круг\r\n14 — южный вход\r\nИнтересные факты \r\nПанорама Стоунхенджа\r\nПанорама Стоунхенджа\r\nПодсчитано, что на строительство Стоунхенджа затрачено более тридцати миллионов часов труда.\r\nУчёные до сих пор имеют только теории о транспортировке камней. Сарсеновые камни имели вес в среднем 25 тонн. Добывали их в 30 км от Стоунхенджа. Голубые камни добывали в Южном Уэльсе в 300 км от объекта. Их вес варьировался от 2 до 5 тонн. \r\nНачиная со Средневековья и на протяжении столетий, Стоунхендж находился в частной собственности. В 1915 году он был продан на аукционе правительству. \r\nВ 1877 году натуралист Чарльз Дарвин отправился в Стоунхендж, чтобы провести исследование дождевых червей. \r\nСтоунхендж не единственный подобный объект в Британии. Самый крупное мегалитическое сооружение расположено в Эйвбери в 40 км.",
    "time_create": "2024-01-29T22:24:50.721Z",
    "time_update": "2024-01-29T22:24:50.721Z",
    "is_published": true,
    "cat": 3,
    "meta": 5,
    "author": 7,
    "tags": [
      1,
      2
    ]
  }
},
{
  "model": "posts.post",
  "pk": 13,
  "fields": {
    "title": "Что ждет искусственный интеллект в 2024 году",
    "slug": "chto-zhdet",
    "photo": "photos/2024/01/29/ит2_Что_ждет_искусственныи_интеллект_в_2024_году.jpeg",
    "content": "1. Персональные чат-боты\r\nВсем по чат-боту! В 2024 году технологические компании, вложившие значительные средства в генеративный искусственный интеллект, будут вынуждены доказывать, что они могут зарабатывать на своих продуктах. Для этого гиганты ИИ Google и OpenAI делают большую ставку на на продукты для более узкой ниши: обе компании разрабатывают удобные платформы, позволяющие людям настраивать мощные языковые модели и создавать собственные мини чат-боты, которые отвечают их специфическим потребностям — и для этого не требуется никаких навыков кодирования. Обе компании запустили веб-инструменты, позволяющие любому желающему стать разработчиком приложений для генеративного искусственного интеллекта. \r\n\r\nВ 2024 году генеративный искусственный интеллект может стать по-настоящему полезным для обычных людей, профессионально не связанных с технологиями. И скорее всего еще больше людей будут экспериментировать с миллионом маленьких моделей искусственного интеллекта. Современные ИИ-модели, такие как GPT-4 и Gemini, являются мультимодальными, то есть они могут обрабатывать не только текст, но и изображения и даже видео. Эта новая возможность может привести к появлению целого ряда новых приложений. Например, риелтор может загрузить текст из предыдущих объявлений, настроить мощную модель на генерацию аналогичного текста одним нажатием кнопки, загрузить видео и фотографии новых объявлений и просто попросить настроенный искусственный интеллект сгенерировать описание объекта. \r\n\r\nНо, конечно, успех этого плана зависит от того, насколько надежно будут работать эти модели. Языковые модели часто ошибаются, а генеративные подвержены предвзятости. Кроме того, их легко взломать, особенно если разрешить им просматривать веб-страницы. Технологические компании пока не решили ни одну из этих проблем. Когда новизна пройдет, им придется предложить своим клиентам способы решения этих проблем.\r\n\r\n2. Второй волной генеративного искусственного интеллекта станет видео\r\nУдивительно, как быстро фантастика становится реальностью. Первые генеративные модели для создания фотореалистичных изображений появились в 2022 году и вскоре стали обыденностью. Такие инструменты, как DALL-E от OpenAI, Stable Diffusion от Stability AI и Firefly от Adobe, наводнили интернет потрясающими изображениями всего — от Папы Римского в Balenciaga до произведений искусства, получивших награды. Но не все так радужно: на каждого мопса, размахивающего помпонами, найдется еще один поддельный фэнтези-арт или проявление сексистских сексуальных стереотипов.\r\n\r\nНовый рубеж — генерация видео по текстовому описанию. Мы ожидаем, что оно возьмет всё, что было хорошего, плохого или уродливого в превращении текста в изображение, и увеличит это многократно.\r\n\r\nГод назад мы впервые увидели, на что способны генеративные модели, когда они были научены сшивать несколько статических изображений в клипы длиной в несколько секунд. Результаты получились искаженными и рваными. Но технология быстро совершенствовалась.\r\n\r\nRunway — стартап, создающий генеративные видеомодели (и компания, которая стала одним из создателей Stable Diffusion), выпускает новые версии своих инструментов каждые несколько месяцев. Последняя модель под названием Gen-2 по-прежнему генерирует видео длиной всего в несколько секунд, но их качество поражает. Лучшие ролики недалеко ушли от того, что выпускает Pixar.\r\n\r\nКомпания Runway организовала ежегодный ИИ-инофестиваль, на котором демонстрируются экспериментальные фильмы, снятые с помощью различных инструментов искусственного интеллекта. В этом году призовой фонд фестиваля составляет 60 000 долларов, а 10 лучших фильмов будут показаны в Нью-Йорке и Лос-Анджелесе.\r\n\r\nНеудивительно, что на это обратили внимание ведущие студии. Гиганты киноиндустрии, включая Paramount и Disney, сейчас изучают возможности использования генеративного искусственного интеллекта на всех этапах производства. Технология используется для синхронизации выступлений актеров с многочисленными дублированиями на иностранных языках. А также для создания новых спецэффектов. В 2023 году в фильме «Индиана Джонс и колесо судьбы» (“Indiana Jones and the Dial of Destiny”) будет использоваться дипфейк молодого Харрисона Форда. И это только начало.  \r\n\r\nТакже технологии дипфейков набирают обороты в сферах маркетинга и обучения. Например, британская компания Synthesia создает инструменты, которые могут превратить «одноразовое» выступление актера в бесконечный поток дипфейк-аватаров, декламирующих любой скрипт, который им будет задан одним нажатием кнопки. По данным компании, эту технологию сейчас используют 44% компаний из списка Fortune 100.\r\n\r\nСпособность делать так много, имея так мало, вызывает серьезные вопросы у актеров. Из-за озабоченности по поводу использования и злоупотребления студиями искусственного интеллекта в прошлом году прошла забастовка SAG-AFTRA. Но истинное влияние технологии становится очевидным только сейчас. «Ремесло кинематографа в корне меняется», — говорит Соуки Мехдауи, независимый режиссер и соучредитель консалтинговой компании Bell & Whistle, специализирующейся на креативных технологиях.\r\n\r\n3. Объем дезинформации на выборах, генерируемой искусственным интеллектом, будет расти\r\nЕсли судить по последним выборам, дезинформация и фальсификации, генерируемые искусственным интеллектом, станут огромной проблемой, когда в 2024 году на избирательные участки придет рекордное количество людей. Мы уже видим, как политики используют эти инструменты. В Аргентине два кандидата в президенты создали сгенерированные искусственным интеллектом изображения и видеоролики своих оппонентов с целью их дискредитации. В Словакии во время выборов в стране распространились дипфейки с изображением лидера либеральной проевропейской партии, угрожающего поднять цены на пиво и шутящего о детской порнографии. А в США Дональд Трамп поддержал группу, которая использует искусственный интеллект для создания мемов с расистскими и сексистскими сюжетами. \r\n\r\nТрудно сказать, насколько эти примеры повлияли на исход выборов, но их распространение — тревожная тенденция. Распознать, что в сети реально, а что нет, станет сложнее, чем когда-либо. В политическом климате, который и без того накален и поляризован, это может иметь серьезные последствия.\r\n\r\nВсего несколько лет назад для создания дипфейков требовались сильные технические навыки, но генеративный искусственный интеллект сделал это до глупости простым и доступным, а результаты выглядят все более реалистично. Даже авторитетные источники могут быть обмануты таким контентом. Например, изображения, сгенерированные искусственным интеллектом с помощью пользователей, якобы изображающие израильско-палестинский кризис, заполнили рынки стоковых изображений, такие как Adobe. \r\n\r\nНаступающий год станет решающим для тех, кто борется с распространением такого контента. Методы отслеживания и борьбы с таким контентом пока находятся на ранней стадии разработки. Водяные знаки, такие как SynthID от Google DeepMind, все еще остаются в основном добровольными и не совсем надежными. А социальные медиа-платформы, как известно, медленно отсеивают дезинформацию. Приготовьтесь к масштабному эксперименту в реальном времени по уничтожению фейковых новостей, сгенерированных искусственным интеллектом. \r\n\r\n4. Многозадачные роботы\r\nВдохновленные некоторыми из ключевых техник, стоящих за нынешним бумом генеративного искусственного интеллекта, робототехники начинают создавать более универсальных роботов, способных выполнять широкий спектр задач.\r\n\r\nЗа последние несколько лет в области искусственного интеллекта произошел отход от использования множества небольших моделей, каждая из которых обучена выполнять различные задачи — распознавать изображения, рисовать их, создавать подписи к ним — в сторону единых монолитных моделей, обученных выполнять все эти и другие задачи. Показав OpenAI GPT-3 несколько дополнительных примеров (это называется тонкой настройкой), исследователи могут обучить ее решать задачи по написанию кода, писать сценарии фильмов, сдавать экзамены по биологии в средней школе и так далее. Мультимодальные модели, такие как GPT-4 и Gemini от Google DeepMind, могут решать как визуальные задачи, так и лингвистические.\r\n\r\nТот же подход может работать и с роботами, поэтому не нужно будет обучать одного переворачивать блины, а другого — открывать двери: универсальная модель может дать роботам способность к многозадачности. В 2023 году появилось несколько примеров работы в этой области.\r\n\r\nВ июне DeepMind выпустила Robocat (обновление прошлогоднего Gato), который на основе проб и ошибок генерирует собственные данные, чтобы научиться управлять множеством различных рук робота (а не одной конкретной рукой, что более типично). \r\n\r\nВ октябре компания в сотрудничестве с 33 университетскими лабораториями выпустила еще одну модель для роботов общего назначения под названием RT-X и новый большой набор обучающих данных общего назначения. Другие ведущие исследовательские группы, такие как RAIL (Robotic Artificial Intelligence and Learning) из Калифорнийского университета в Беркли, рассматривают подобные технологии.\r\n\r\nПроблема заключается в недостатке данных. Генеративный искусственный интеллект опирается на набор данных из текста и изображений размером с интернет. Для сравнения, у роботов очень мало хороших источников данных, которые помогли бы им научиться выполнять многие промышленные или бытовые задачи, которые мы хотим от них получить.\r\n\r\nЛеррел Пинто из Нью-Йоркского университета возглавляет группу, занимающуюся этой проблемой. Он совместно с коллегами разрабатывает методы, которые позволят роботам обучаться методом проб и ошибок, создавая собственные обучающие данные на ходу. В рамках еще более скромного проекта Пинто набрал добровольцев для сбора видеоданных вокруг их домов с помощью камеры iPhone, установленной на мусоросборнике. В последние пару лет крупные компании также начали выпускать большие наборы данных для обучения роботов, например Ego4D от Meta.\r\n\r\nЭтот подход уже показывает себя в беспилотных автомобилях. Такие стартапы, как Wayve, Waabi и Ghost, являются пионерами новой волны ИИ для автономного управления, который использует одну большую модель для управления транспортным средством, вместо нескольких маленьких моделей для управления конкретными задачами вождения. Это позволило небольшим компаниям догнать таких гигантов, как Cruise и Waymo. Сейчас Wayve тестирует свои беспилотные автомобили на узких и оживленных улицах Лондона. Роботы повсюду получат аналогичный толчок к развитию",
    "time_create": "2024-01-29T22:27:13.298Z",
    "time_update": "2024-01-29T22:48:11.982Z",
    "is_published": true,
    "cat": 1,
    "meta": 4,
    "author": 4,
    "tags": [
      1,
      4
    ]
  }
},
{
  "model": "posts.post",
  "pk": 14,
  "fields": {
    "title": "Что такое фламенко?",
    "slug": "chto-takoe",
    "photo": "photos/2024/01/29/муз3unnamed.jpeg",
    "content": "Бокалы с холодным вином и сангрией тихонько подпрыгивают на деревянном столе в такт испанской гитаре, вдохновляющее “Olé” раздается из всех уголков, а зрители вместе с артистами поют и хлопают в ладоши, создавая уникальный ритм песни для прекрасной женщины, которая на невысокой сцене кружится в танце. Именно так проходит типичный вечер в «пенье» (peña) фламенко. Это возможность увидеть собственными глазами, как люди, позабыв обо всем на свете, отдаются во власть музыки, ритма и страсти. Что же такое фламенко? Как оно появилось в Испании? И какое платье считается классическим в культуре фламенко? На эти и многие другие вопросы мы ответим в нашем материале, посвященном этому прекрасному искусству южной Испании.\r\n\r\nИспанское искусство танца и пения. Что такое фламенко?\r\n\r\nКогда и как родилось искусство фламенко\r\nФламенко появилось вместе с приходом в Испанию цыган из Римской империи в 1465 году. Несколько десятилетий они мирно жили рядом с испанцами, арабами, евреями, рабами африканского происхождения, и со временем в караванах цыган стала звучать новая музыка, вобравшая в себя элементы культур новых соседей. В 1495 году после долгой войны мусульмане, многолетние правители большинства территорий полуострова, были вынуждены покинуть Испанию.\r\n\r\nС этого момента начались гонения на «неугодных», а именно неиспанцев. Все, кто придерживался другой религии и культуры, должны были отказаться от самобытных привычек, собственных имен, костюмов и языка. Именно тогда и зародился загадочный фламенко, вид искусства, скрытый от посторонних глаз. Только в кругу семьи и друзей «лишние» люди могли танцевать под любимую музыку. Однако артисты не забывали о своих новых знакомых, также исключенных из общества, и в музыке кочевого народа слышались мелодические нотки иудеев, мусульман и народов с Карибского побережья.\r\n\r\nСчитается, что влияние Андалусии во фламенко выражается в изысканности, достоинстве и свежести звучания. Цыганские мотивы – в страсти и искренности. А карибские мигранты привнесли в новое искусство необычный танцевальный ритм.\r\n\r\nИспанское искусство танца и пения. Что такое фламенко?\r\n\r\nСтили фламенко и музыкальные инструменты\r\nСуществует два основных стиля фламенко, внутри которых выделяются подстили. Первый – хондо, или фламенко гранде. В него входят такие подстили, или по-испански палос, как тонá, солеа, саэта и сигирийя. Это старейший вид фламенко, в котором слушатель может выделить грустные, страстные ноты.\r\n\r\nВторой стиль – канте, или фламенко чико. К нему относятся алегрия, фаррука и болерия. Это очень легкие, жизнерадостные и веселые мотивы в игре на испанской гитаре, в танце и пении.\r\n\r\nИспанское искусство танца и пения. Что такое фламенко?\r\n\r\nПомимо испанской гитары музыку фламенко создают кастаньеты и пальмас, то есть хлопки в ладоши.\r\n\r\nКастаньеты своей формой напоминают ракушки, соединенные между собой шнурком. Левой рукой танцор или певец отбивает основной ритм произведения, а правой – создает замысловатые ритмические рисунки. Сейчас искусству игры на кастаньетас можно научиться в любой школе фламенко.\r\n\r\nДругой важный инструмент, сопровождающий музыку, это пальмас, хлопки. Они отличаются по звонкости, длительности, ритму. Без хлопков невозможно представить ни одно представление фламенко, так же как и без криков “Olé”, которые только придают уникальность танцу и песне.\r\n\r\nИспанское искусство танца и пения. Что такое фламенко?\r\n\r\nКлассическое платье\r\nТрадиционное платье для фламенко на испанском языке называется bata de cola, стиль и форма которого напоминают обычные платья цыганок: длинная широкая юбка, воланы и оборки по подолу платья и на рукавах. Обычно наряды шьют из белой, черной и красной ткани, чаще всего в горошек. Сверху на платье танцовщицы накидывают шаль с длинными кистями. Иногда ее завязывают вокруг талии, чтобы подчеркнуть грациозность и стройность артистки. Волосы зачесываются назад и украшаются либо яркой заколкой, либо цветами. Со временем классическое платье для фламенко стало официальным нарядом для знаменитой Апрельской ярмарки в Севилье. К тому же каждый год в столице Андалусии проходит международный показ мод платьев в стиле фламенко.\r\n\r\nИспанское искусство танца и пения. Что такое фламенко?\r\n\r\nМужской костюм танцора – это темные брюки с широким поясом и белая рубашка. Иногда концы рубашки завязывают спереди на поясе, а на шею повязывают красный платок.\r\n\r\nИспанское искусство танца и пения. Что такое фламенко?\r\n\r\nТак что же такое фламенко?\r\nОдин из тех немногих вопросов, на которые существуют сотни ответов. А все потому, что фламенко – это не наука, это – чувство, вдохновение, творчество. Как любят говорить сами андалусийцы: «El flamenco es un arte».\r\n\r\nТворчество, которое полно описывает любовь, страсть, одиночество, боль, радость и счастье... Когда для выражения этих чувств не хватает слов, на помощь приходит фламенко...",
    "time_create": "2024-01-29T22:33:20.346Z",
    "time_update": "2024-04-18T03:11:45.908Z",
    "is_published": true,
    "cat": 4,
    "meta": null,
    "author": 6,
    "tags": [
      1,
      2,
      3,
      4
    ]
  }
},
{
  "model": "posts.post",
  "pk": 15,
  "fields": {
    "title": "Какие тренды digital-маркетинга готовит 2024 год",
    "slug": "kakie-trendy",
    "photo": "photos/2024/01/29/м1_МАРКЕТИНГ_В_МЕНЯЮЩЕМСЯ_МИРЕ.jpeg",
    "content": "Мы живем в удивительную эпоху перемен, где планомерное и линейное развитие 2010-х годов сменилось тектоническими сдвигами в самой парадигме интернет-маркетинга буквально за последние 2 года.\r\n\r\nМы собрали наиболее значимые, на наш взгляд, тренды 2023 года и попытались построить прогнозы на 2024 год. Получилось длинно, но мы сокращали, как могли. Будем благодарны за комментарии с вашими списками ключевых трендов и объяснением, почему вы выбрали именно их. Лайки и репосты, как всегда, приветствуются!\r\n\r\nИскусственный интеллект и автоматизация\r\nПохоже, 2024 год обещает стать вехой в истории digital-маркетинга. Искусственный интеллект (ИИ) и автоматизация набирают обороты, превращаясь из простых инструментов в настоящих игроков маркетинговой стратегии. От Buffer AI до SMMplanner, ИИ преображает способы создания контента, адаптируя его под уникальный голос бренда. Яндекс с помощью нейронных сетей в Яндекс Бизнесе генерирует рекламные объявления.\r\n\r\nС увеличением доступности API для ИИ возможности интеграции этих технологий в различные приложения становятся поистине безграничными.\r\n\r\nНапример, цифровой маркетолог Demis Group, способный выстраивать комплексные рекламные стратегии, или click.ru, интегрировавший ChatGPT, - предлагает автоматическое создание рекламных объявлений на основе анализа сайтов клиентов. AI Banner maker – еще одна новинка от click.ru позволяет создавать креативы для различных рекламных систем по одному лишь URL целевой страницы.\r\n\r\n\r\nПримеры использования ИИ в маркетинге разнообразны:\r\n\r\nYandexGPT2 облегчает работу продавцам на Яндекс Маркете, ускоряя процесс заполнения карточек товаров;\r\n\r\nСбербанк с их GigaChat в пакете «МойОфис» помогает в работе с документами и корпоративным мессенджером;\r\n\r\nгенеративные нейросети Stable Diffusion и Midjourney уже давно помогают в создании визуального контента художникам и дизайнерам;\r\n\r\nLamoda использовала Midjourney, чтобы создать fashion-съемки для главной страницы на основе фотографий с последних модных показов и визуального контента, а Wildberries – для чистки отзывов от накруток.\r\n\r\nЭти примеры, на наш взгляд, показывают, что ИИ-фичи внедряются в продукты уже не ради хайпа, а широко применяются для утилитарных задач бизнеса.\r\n\r\n\r\nВторое рождение чат-ботов\r\nЧаты и чат-боты переживут свое второе рождение, став еще более умными и функциональными. \r\n\r\nБлагодаря внедрению ИИ, они не только облегчат рутинные задачи первой линии поддержки клиентов, но и будут способны продавать – вести полноценный диалог с клиентами, предлагая им персонализированные решения и улучшая опыт взаимодействия с брендом.\r\n\r\nОбычно боты работают по заранее написанному сценарию, но если интегрировать его с системами машинного обучения, число возможных вариантов ответов значительно увеличится. По функциям чат-боты постепенно приближаются к голосовыми помощниками вроде Алисы и Siri. Например, чат-бот Альфа-Банка может распознавать голосовые запросы: у него можно узнать, например, остаток на счете.\r\n\r\nМного возможностей для бизнеса открывают чат-боты в Telegram. Одно из их преимуществ – сравнительно небольшие затраты на разработку. Запуск бота помогает повысить репутацию бренда: аудитория видит, что компания улучшает продукт и пользовательский опыт, поэтому больше доверяет. Узнать больше о влиянии чат-ботов в Telegram на бизнес можно из статьи.\r\n\r\nНаверняка, в 2024 не обойдется без казусов, как, например, с автодиллером шевроле, который внедрил ChatGPT в форму обратной связи на сайте, но ушлые посетители обычными командами (промптами) заставили его «продать» им авто за 1 доллар. О юридических последствиях такого внедрения остается только догадываться.\r\n\r\n«Человеческое» в эпоху ИИ\r\nВ 2023 году многие опасались, что развитие ИИ может заменить digital-специалистов, но прошло совсем немного времени, и страсти поутихли. ИИ, конечно, удешевляет процесс, но не может полностью заменить человеческое понимание, эмпатию и креативность. Опросы показали, что 62% пользователей не вовлекаются в контент, когда узнают, что он создан ИИ. Но давайте будем честны: SEO-контент по 60 рублей за страницу, написанный копирайтером, вряд ли можно считать «человеческим» – он вызывает не меньше вопросов у пользователей, а то и больше\r\n...",
    "time_create": "2024-01-29T22:36:22.684Z",
    "time_update": "2024-01-29T22:37:01.270Z",
    "is_published": true,
    "cat": 2,
    "meta": null,
    "author": 5,
    "tags": [
      1,
      2,
      3,
      4
    ]
  }
},
{
  "model": "posts.post",
  "pk": 16,
  "fields": {
    "title": "10 ключевых фактов о цивилизациях, сыгравших важную роль в истории Испании",
    "slug": "10-klyuchevyh",
    "photo": "photos/2024/01/29/ист1_изучение-истории.jpeg",
    "content": "1) Давным-давно… Когда на Земле обитал Homo Antecessor\r\nСмените костюм на одежду из шкур и возьмите копье, ведь мы отправляемся в доисторическую эпоху. Возможно, вам все-таки не нужно надевать шкуры, а достаточно просто посетить места археологических раскопок в Атапуэрке в провинции Бургос/.content/Provincias/burgos.html. Они являются одними из самых важных в мире, ведь здесь найдены ископаемые останки пяти различных видов, в том числе Homo Antecessor и Homo Heidelbergensis.\r\nСловно настоящий археолог, вы сможете посетить некоторые зоны раскопок, а затем отправиться в город Бургос (немногим более чем в 20 километрах от Атапуэрки), чтобы побывать в Музее эволюции человека.\r\n\r\nВыставка в Музее эволюции человека, БургосВыставка в Музее эволюции человека, Бургос © MEH Museo Evolución Humana\r\n2) И вдруг люди открыли искусство\r\nСовсем не часто можно получить такие яркие впечатления, как те, которые производят потолки пещеры, украшенные наскальной росписью. Внезапно мы ощущаем дух истории. В Испании есть идеальное место, которое подарит вам такие впечатления. Это пещеры Альтамиры в Кантабрии. Любопытно, что эту знаменитую роспись в первом месте мира, где было получено подтверждение существования наскального искусства в период верхнего палеолита, впервые увидела маленькая девочка.\r\nИзображения бизонов, лошадей, оленей и рук сохранились настолько хорошо, что сложно представить себе, что они были созданы в период с 35 000 до 13 000 лет назад. Доступ в пещеру ограничен, и поэтому ее точная реплика создана в музее, который мы рекомендуем посетить.\r\nЧтобы подробнее познакомиться с этой историей, рекомендуем вам посмотреть фильм «Альтамира» с участием таких актеров, как Антонио Бандерас.\r\n\r\nНеопещера в музее Альтамиры в Сантильяна-дель-Мар (Кантабрия)Неопещера в музее Альтамиры в Сантильяна-дель-Мар (Кантабрия)\r\n3) По следам финикийцев\r\nЗнаете ли вы, что город, считающийся самым древним в Западной Европе, находится в Испании? Это Гадир, или современный Кадис, который был основан финикийцами в 1100 году до н э. Вы можете посетить место археологических раскопок в самой высокой точке древнего острова Эритея, чтобы увидеть жилища, планировку улиц и утварь IX века до н. э.\r\nФиникийцы также основали поселения в другом очаровательном месте Испании — на средиземноморском острове Ибица. На южном побережье острова, в муниципальном округе Сант-Жозеп-де-са-Талайя, вы можете посетить место раскопок финикийского поселения Са-Калета, основанного в VIII веке до н. э., чтобы представить себе, какой была жизнь в этой торговой колонии. И, конечно же, обязательно нужно осмотреть некрополь в Пуйч-дес-Молинс эпохи финикийцев, который обладает огромной исторической ценностью.\r\n\r\nМесто раскопок Гадира и вид на город КадисМесто раскопок Гадира и вид на город Кадис © Turismo de Cádiz\r\n4) Следы кельтской культуры\r\nМы переносимся вперед во времени и отправляемся на северо-запад Испании, в Галисию, чтобы познакомиться с городищами «кастрос». Мы попали в железный век, и речь идет об укрепленных поселениях, которые использовались на протяжении более 1 000 лет (с VI века до н. э. по VI век н. э.).\r\nОдин из лучших аспектов посещения таких поселений заключается в том, что они находятся в высоких местах, откуда открываются потрясающие виды. В Галисии находятся сотни «кастрос». Вот некоторые из самых известных: Сан-Сибрао-де-Лас, Виладонга, Баронья и Санта-Текла.\r\nИх также можно увидеть в Астурии, где одним из самых важных является Кастро-де-Коанья.\r\n\r\n«Кастрос» в селении галлеков А-Гуарда«Кастрос» в селении галлеков А-Гуарда\r\n5) Единственный египетский храм в Испании\r\nС церемониальной торжественностью мы входим в храм, посвященный богам Амону и Исиде. Вы можете подумать, что мы говорим о Египте, но это не так, ведь речь идет о Мадриде. В самом центре города, недалеко от площади Испании, возвышается величественный храм Дебод, строительство которого началось в начале II века до н. э. Он был расширен в эпоху римских императоров Августа и Тиберия.\r\nНо как же этот храм попал в столицу Испании? Его подарило стране правительство Египта в 1968 году во избежание его затопления при строительстве Асуанской плотины. Вы можете попытаться расшифровать сцены, изображенные внутри него, но мы особенно рекомендуем вам побывать здесь на закате. Он просто великолепен!\r\n\r\nХрам Дебод в МадридеХрам Дебод в Мадриде\r\n6) Наследие империи: Римская Испания\r\nМы продолжаем двигаться вперед во времени. Даже в наши дни в Испании можно увидеть многочисленные элементы наследия Римской Испании. Это была эпоха гладиаторов, императоров и величественных сооружений. На этот раз мы приведем лишь два примера памятников архитектуры, которые поражают всех, кто видит их. Первый: акведук в Сеговии. 167 каменных арок удерживаются только благодаря равновесию сил, без цементного раствора. Неудивительно, что легенда утверждает, что акведук был построен дьяволом.\r\nВторой: театр в Мериде. Он был построен в 16 — 15 годах до н.э. и вмещал 6 000 зрителей! В этом месте, полном магии, и в наши дни проходят спектакли.\r\n\r\nАкведук в СеговииАкведук в Сеговии\r\n7) Мир вестготов\r\nПосле падения Римской империи, с V по VIII век, на территории Испании обосновалась цивилизация вестготов. Они выбрали Толедо в качестве столицы своего королевства. В этом потрясающем «городе трех культур» находится музей, посвященный вестготской культуре и расположенный в церкви Сан-Роман, а на улицах города можно увидеть многочисленные примеры вестготского искусства.\r\nЕще одно интересное место — Рекополис (в Гвадалахаре). Археологические раскопки позволили обнаружить следы этого города, основанного в 578 году королем Леовигильдом.\r\nОдна из жемчужин вестготской эпохи — сокровище Гуаррасар, которое выставлено в национальном археологическом музее в Мадриде. Оно включает удивительные короны, украшенные золотом и драгоценными камнями.\r\n\r\nРекополис в Сорита-де-лос-Канес (Гвадалахара, Кастилия—Ла-Манча).Рекополис в Сорита-де-лос-Канес (Гвадалахара, Кастилия—Ла-Манча).\r\n8) Восемь веков мусульманской культуры: Аль-Андалус\r\nНашествие арабов в 711 году положило начало долгому периоду, от которого до наших дней сохранились удивительные памятники архитектуры. Мы выбрали два великолепных образца, которые вы можете посетить в Андалусии. Начнем с соборной мечети в Кордове, которая, несомненно, является самым важным памятником архитектуры всего исламского Запада. В ее истории (охватывающей период с VIII по XVIII века) нашло свое отражение развитие стиля омейядов в Испании. Внутри здания вы окажетесь в окружении более 1 000 колонн и двухцветных арок и получите неземные впечатления. Вблизи, примерно в 10 километрах, рекомендуем вам посетить археологический комплекс Медина-Асаара.\r\nНедалеко отсюда, в городе Гранада, находится памятник архитектуры, который многие считают самым красивым в Испании: Альгамбра. Ее строительство началось в XIII веке, в эпоху королевств, которые назывались тайфами. Дворцы и сады Альгамбры настолько поражают своей красотой, что хочется остаться здесь навсегда.\r\n\r\nКордовская мечетьКордовская мечеть\r\n9) Эпоха христианских королевств\r\nВ 1492 году, после взятия Гранады Католическими королями и открытия Америки, завершается предыдущий период и начинается формирование современной Испании. В сфере искусства в Испании выделяются такие важные для Средневековья стили, как романский и готический.\r\nЧто касается романского стиля, мы хотим особенно порекомендовать вам один город: Сантьяго-де-Компостела в Галисии. Его кафедральный собор, строительство которого началось в 1075 году, известен не только своей красотой, но и тем, что это особенное место: конечная точка пути паломничества, известного как Путь святого Иакова, ведь легенда гласит, что здесь были найдены реликвии апостола.\r\nГоворя о готическом периоде, когда храмы становятся все более высокими и украшаются большими разноцветными витражами, нельзя забывать о некоторых выдающихся примерах: это кафедральные соборы в Бургосе, Леоне и Толедо.\r\n\r\n Вид на кафедральный собор в Сантьяго-де-КомпостелаВид на кафедральный собор в Сантьяго-де-Компостела\r\n10) Выходя за пределы\r\nДо того, как превратиться в страну, которую мы знаем сегодня, Испания пережила эпохи таких известных династий, как Габсбурги и Бурбоны. Например, в Мадриде Габсбургов находился Алькасар — огромное здание, которое было разрушено при пожаре в 1737 году. На его месте был возведен величественный Королевский дворец в Мадриде в окружении садов, которые сохранились и в наши дни.\r\nНа территории Испании также оставили свой след все художественные стили, пришедшие на смену готике. Ренессанс (его великолепные образцы можно увидеть в населенных пунктах Убеда и Баэса) сменился такими стилями, как барокко, неоклассицизм и модерн (в конце XIX — начале XX века). Примеры последнего из этих стилей особенно многочисленны в одном городе: в Барселоне. Знакомы ли вы с такими известными работами Гауди, как базилика Святого Семейства, парк Гуэль и дом Мила?\r\n\r\nКоролевский дворец с террасы СабатиниКоролевский дворец с террасы Сабатини © Madrid Destino. Álvaro López\r\nМы не знаем, какие великие цивилизации могут оказаться на территории Испании в будущем. Однако нам известно то, что уже случилось: оледенения, великие открытия, различные культуры, изменения менталитета и многое другое. Это было увлекательное и полное событий путешествие во времени.",
    "time_create": "2024-01-29T22:42:20.656Z",
    "time_update": "2024-01-29T22:42:20.656Z",
    "is_published": true,
    "cat": 3,
    "meta": null,
    "author": 7,
    "tags": [
      2,
      3
    ]
  }
},
{
  "model": "posts.post",
  "pk": 17,
  "fields": {
    "title": "Искусственный интеллект 2023–2024: борьба за данные и открытая разработка",
    "slug": "iskusstvennyj-intellekt",
    "photo": "photos/2024/01/29/ит1_Искусственныи_интеллек_20232024.webp",
    "content": "**Венчурная компания** Air Street Capital выпустила ежегодный отчет о состоянии сферы искусственного интеллекта (ИИ), а также представила свои прогнозы относительно развития ИИ. «РБК Тренды» выбрали самые интересные инсайты, с которыми можно ознакомиться [здесь](https://daringfireball.net/projects/markdown/basics).\r\nГенеративный ИИ лидирует на рынке венчура\r\nПо мнению экспертов, именно стартапы, занимающиеся разработкой генеративных нейросетей, не позволили упасть рынку венчурного капитала. На фоне падения оценочной стоимости IT-компаний стартапы сосредоточились на ИИ-приложениях и привлекли более $18 млрд. В 2023 году корпорации также переориентировали свои инвестиции на генеративный ИИ. Одновременно они сократили вложения в компании, не связанные с искусственным интеллектом, на 50% в годовом выражении. Инвестиции в ИИ же сохраняют стабильность — $29 млрд в 2022 году против $22 млрд в 2023-м.\r\n\r\n\r\nКакие стартапы ИИ бывших разработчиков Google привлекли больше всего средств в 2023 году (Фото: Air Street Capital )\r\nОдновременно растет интерес обычных людей к взаимодействию с чат-ботами. Так, стартап Character.AI, который привлек $150 млн в первом раунде финансирования, сообщил о 200 млн ежемесячных пользователей своего приложения. Платформа Discord, которая интегрировала нейросеть Midjourney для генерации изображений, заявляла, что каждый месяц приложением пользуются около 30 млн человек, которые создают более 1 млрд уникальных изображений.\r\n\r\nМетоды обучения ИИ исчерпали себя\r\nКак отмечают эксперты, модель GPT-4 от OpenAI смогла превзойти другие нейросети — как по классическим тестам для ИИ, так и по итогам экзаменов для оценки способностей человека. Кроме того, модель подтвердила эффективность метода обучения с подкреплением на основе отзывов людей (reinforcement learning from human feedback, RLHF). Однако этот метод требует найма персонала для оценки и ранжирования результатов модели, а также моделирования предпочтений, что делает эту технику сложной, дорогой и предвзятой. Это побудило исследователей искать альтернативы. Так, команда из Университета Беркли уже продемонстрировала, как точная настройка небольших языковых моделей (small language models, SLM) на основе результатов более крупных языковых моделей (large language models, LLM) позволяет создавать более стилистически богатые тексты, но и с более низкой точностью ответов. В связи с этим исследователи предлагают метод обучения, основанный на предварительной оценке входных данных.\r\n\r\nОднако в ближайшее время метод обучения с подкреплением продолжит лидировать в сфере ИИ, уверены эксперты. Вероятно, компании будут улучшать его путем выпуска моделей меньшего размера и лучших наборов заранее отсортированных и проверенных людьми данных.\r\n\r\nЕще одна проблема в обучении ИИ связана с тем, что уже к 2025 году запас открытых данных может закончиться. Как уточняют исследователи из Epoch AI, запас языковых данных высокого качества будет исчерпан к 2026 году, а низкого — к 2030–2050 годам. По мнению авторов отчета, после этого разработчики ИИ начнут использовать датасеты компаний для обучения моделей, а также будут активнее применять в этих целях сгенерированный контент.\r\n\r\n\r\nИндустрия 4.0\r\nКаким Билл Гейтс представляет будущее искусственного интеллекта\r\nДвижение за открытость данных ИИ растет\r\nВ связи с экономическими и иными рисками такие компании, как OpenAI, не раскрывают данные, которые они используют для обучения моделей. Однако, как отмечают авторы отчета, движение за открытость датасетов ИИ растет. Первой его поддержала Meta (признана экстремистской, ее деятельность в России запрещена). В феврале 2023 года компания выпустила серию моделей под названием LLaMa, обученных исключительно на общедоступных наборах датасетов. После этого к движению за публикацию данных присоединились и другие организации, в том числе MosaicML с моделью MPT-30B, TII UAE с Falcon-40B, Together с RedPajama и Eleuther с Pythia. Уже в июле 2023 года Meta выпустила серию моделей LLaMa-2, которые любой желающий может использовать в коммерческих целях.\r\n\r\nИИ помогает совершать прорывы в науке\r\nСовременные языковые и диффузионные модели нейросетей, которые извлекают данные из «зашумленных» изображений, активно используются для прорывных открытий в медицине, биологии и фармацевтике. Так, они уже решили проблему спонтанного сворачивания белков и научились предсказывать последовательность аминокислот в них в результате этого процесса. Теперь нейросети генерируют новые структуры белков. Одна из последних моделей, Evolutionary Scale Modeling-2 (ESM-2), используется для характеристики структуры белков, обнаруженных в почве, бактериях, воде и т.д., и работает значительно быстрее предшественника AlphaFold-2. Результаты по миллионам белков удалось получить всего за две недели с использованием кластера из 2 тыс. графических процессоров. Другие модели имеют более узкую направленность — например, Mind’s Eye от Google, которая запускает симуляцию, чтобы ответить на логические вопросы по физике.\r\n\r\n\r\nТоп отраслей, в которых ИИ помогает совершать прорывы, и количество этих прорывов: иммунология, сельское хозяйство, социальные науки, химия, нейронауки, психология, экономика, медицина, бизнес, физика, математика (Фото: Air Street Capital )\r\nКак предсказывают эксперты, следующим рубежом развития ИИ в науке станет его мультимодальность. Так, Google создала MultiMedBench — набор данных для 14 разных задач, включая медицинские вопросы и ответы, интерпретацию изображений маммографии и дерматологии, создание радиологических отчетов и обобщение геномных данных для выявления отклонений, которые могут вызывать патологии.\r\n\r\nМир разделился в оценке регулирования ИИ\r\nАвторы отчета указывают, что за последний год возникла активная дискуссия о потенциальных угрозах искусственного интеллекта и методах противостояния им. Однако пока на уровне государств и самой индустрии нет значительного прогресса из-за множества внутренних разногласий. На данном этапе эксперты выделяют три основных подхода государственного регулирования: проинновационный, жесткий и гибридный.\r\n\r\nПроинновационный подход\r\nЭтого подхода придерживаются Великобритания и Индия. Он основан на том, что внедрение ИИ в настоящее время не требует принятия дополнительных законов. В Индии уверены, что любые текущие риски могут нивелироваться действующими отраслевыми правилами и законодательством о конфиденциальности. Великобритания включила некоторые принципы ИИ — ответственности, доступности и прозрачности систем — в свою политику и создала рабочую группу, занимающуюся вопросами безопасности передовых моделей, а также заключила специальное соглашение с DeepMind, Anthropic и OpenAI, чтобы получить ранний доступ к их моделям для понимания рисков.\r\n\r\n\r\nФутурология\r\nИскусственный интеллект и войны: прогнозы Юваля Ноя Харари на 2024-й\r\nЖесткий подход\r\nВторого подхода придерживаются страны ЕС и Китай, которые выступают за разработку нового законодательства с особенно строгими мерами. Так, закон ЕС об искусственном интеллекте обязывает разработчиков информировать о рисках ИИ, раскрывать информацию о сгенерированном контенте, а также о данных обучения, защищенных авторским правом. Китай же принял ряд законов о рекомендательных системах, а также правила генеративного искусственного интеллекта, разработчики которого должны будут регистрировать свои алгоритмы в специальном реестре. Цель принятых законов — не препятствовать развитию технологии, а найти баланс между поддержкой отрасли и возможными последствиями развития ИИ. Так, компании обяжут проходить проверки безопасности ИИ перед выпуском систем и помечать генерируемый контент.\r\n\r\nГибкий подход\r\nНаконец, США, Канада и некоторые другие страны выступают за гибридный подход с упором на добровольные обязательства разработчиков и принятие лишь точечных законов. При этом отдельные штаты США стремятся ввести более строгие законы об ИИ. Канада же намерена утвердить упрощенную версию закона ЕС об искусственном интеллекте, запрещая определенные приложения и регулируя другие.\r\n\r\nГосударства и организации также начинают сотрудничать в вопросах регулирования ИИ. Так, G7 создаст «Хиросимский процесс искусственного интеллекта» в сотрудничестве с Организацией экономического сотрудничества и развития (ОЭСР), который сформулирует «коллективный подход» к генеративному ИИ. ООН открыла консультацию для выработки рекомендаций в преддверии «Саммита будущего» 2024 года, который организует ООН для обсуждения последствий внедрения новых технологий. Anthropic, Google, OpenAI и Microsoft запустили Frontier Model Forum — орган, призванный содействовать ответственному развитию ИИ и обмену знаниями с политиками.\r\n\r\nСообщество ИИ предлагает первые решения\r\nПо словам авторов отчета, временный вакуум, возникший в вопросе регулирования ИИ, пока пытаются заполнить сами компании и исследователи. Так, ученые из Университета Мэриленда предлагают новую технику нанесения водяных знаков на сгенерированные тексты. Они уже разрабатывают соответствующий алгоритм с открытым исходным кодом. А DeepMind запустила SynthID — инструмент, который встраивает цифровой водяной знак непосредственно в пиксели сгенерированного изображения. Все эти инструменты призваны разрешить непростую ситуацию с соблюдением авторских прав.\r\n\r\nКроме того, компании, разрабатывающие инструменты ИИ, уже предлагают своим коммерческим клиентам программы защиты от исков в суде, а также компенсации. Так уже поступили Microsoft, Adobe, OpenAI и другие.\r\n\r\nИИ повлияет на занятость\r\nЭксперты прогнозируют, что ИИ повлияет на ряд чувствительных областей, включая выборы и занятость. Исследования ОЭСР и OpenAI показывают, что вскоре могут начаться массовые сокращения специалистов в таких сферах, как право, медицина и финансы. При этом ОЭСР предупредила, что около 27% всех рабочих мест в мире относятся к профессиям «высокого риска» из-за развития ИИ.\r\n\r\nСторонники пессимистичного подхода призывают разработчиков сместить акцент в обучении ИИ с автоматизации человеческих задач на прогнозирование для улучшения процесса принятия решений. Сторонники оптимистичного подхода же уверены, что ИИ можно использовать как средство повышения квалификации. Так, одно из исследований продемонстрировало, что консультанты, использующие GPT-4, значительно превзошли своих коллег в выполнении 18 различных задач, включая контакты с заказчиками и творческое письмо.\r\n\r\n\r\nИндустрия 4.0\r\nGPT-4: что умеет самая продвинутая языковая модель\r\nДебаты об экзистенциальном риске ИИ стали острее\r\nСпоры о том, несет ли искусственный интеллект риск всему человечеству, впервые нашли широкий отклик в обществе и значительно активизировались. Однако и в этом случае сообщество пока не нашло единого ответа на вопрос, подчеркивают эксперты.\r\n\r\nМежду тем компании начали предлагать инструменты для разработки безопасного ИИ. Так, DeepMind выпустила набор для оценки потенциально опасных способностей стандартных моделей (например, возможности совершать киберпреступления и самораспространяться). А компания Anthropic выпустила новую Политику ответственного масштабирования, в которой обязуется остановить разработку ИИ, если сочтет собственные меры безопасности недостаточными. Наконец, OpenAI с выпуском GPT-3.5 предложила своим клиентам API модерации, которые будут фильтровать данные обучения модели.\r\n\r\nКроме того, исследователи изучают альтернативные методы обучения ИИ, чтобы решить проблему предвзятости и безопасности. Один из них — самовыравнивание. Нейросеть при обучении использует небольшой набор руководящих принципов, который направляет ее при ответах на вопросы, используя контекст.\r\n\r\nИсследователи из Университета Сассекса, Нью-Йоркского университета, FAR AI, Northeastern и Anthropic предлагают включить обратную связь с людьми непосредственно при предварительном обучении моделей, чтобы снизить объем нежелательного контента.\r\n\r\nФинальные прогнозы на 2024 год\r\nВ финале отчета аналитики Air Street Capital представили десять прогнозов для мира ИИ на ближайший год.\r\n\r\nВ производстве фильмов голливудского уровня для создания визуальных эффектов начнет использоваться генеративный искусственный интеллект.\r\nНекоторые медиакомпании, занимающиеся генеративным искусственным интеллектом, попадут под преследование за неправомерное использование технологии во время избирательной кампании в США в 2024 году.\r\nСамообучающиеся ИИ-агенты смогут работать над сложными задачами — созданием игр, решением научных вопросов.\r\nКак минимум одна компания в сфере ИИ выйдет на IPO.\r\nПогоня за масштабированием генеративного ИИ приведет к тому, что на обучение одной большой модели будет тратиться более $1 млрд.\r\nФедеральная торговая комиссия США или регулятор Великобритании начнут расследовать сделку между Microsoft и OpenAI из-за нарушений условий конкуренции. IT-гигант вложил $10 млрд в работу стартапа и теперь интегрирует возможности ChatGPT в свои продукты.\r\nВ глобальном регулировании ИИ не будет больших подвижек, за исключением того, что сами компании возьмут на себя определенные обязательства.\r\nФинансовые учреждения создадут долговые фонды GPU (графических процессоров), чтобы заменить ими венчурный капитал для финансирования вычислений. Такие фонды позволят передавать компаниям во временное пользование вычислительные мощности за определенную плату.\r\nПесня, сгенерированная искусственным интеллектом, попадет в десятку лучших хитов Billboard Hot 100 или Top Hits 2024 на Spotify.\r\nИз-за роста рабочей нагрузки и затрат на вывод данных крупная компания, занимающаяся искусственным интеллектом (например, OpenAI), приобретет компанию по производству чипов для нужд искусственного интеллекта.\r\n\r\nПодробнее на [РБК](https://trends.rbc.ru/trends/industry/656da1929a79470b97ad54ad?from=copy)",
    "time_create": "2024-01-29T22:43:58.513Z",
    "time_update": "2024-03-19T20:25:11.543Z",
    "is_published": true,
    "cat": 1,
    "meta": null,
    "author": 4,
    "tags": [
      3,
      4
    ]
  }
},
{
  "model": "posts.post",
  "pk": 20,
  "fields": {
    "title": "МИФ О ПОТОПЕ: РАСЧЕТЫ И РЕАЛЬНОСТЬ",
    "slug": "mif-o",
    "photo": "photos/2024/03/22/Снимок_экрана_2024-03-22_в_20.25.07.png",
    "content": "Начало книги [\"Опасное наследие богов\"](https://www.rulit.me/books/opasnoe-nasledie-bogov-calibre-4-99-5-read-677222-1.html)\r\n\r\nДетали одной из самых драматических страниц в ранней истории человечества, отраженные в мифах и легендах различных народов о Всемирном потопе, позволяют практически полностью восстановить картину катастрофы планетарного масштаба.\r\n\r\nДалее приводится реконструированная картина событий, анализируются их причины и последствия, что осуществляется на основе показаний очевидцев катаклизма.\r\n\r\nНекоторые из полученных выводов могут показаться спорными, но с точки зрения современных данных они ничем не хуже как официальной версии, так и альтернативных теорий.\r\n\r\nЧто стоит за мифами...\r\n\r\nВ развитии жизни на Земле история человечества составляет лишь краткий миг. Однако этот «миг» для нас — как части этого самого человечества — представляет особый интерес.\r\n\r\nСовременная историческая наука в своем исследовании ограничивается в основном лишь тем периодом времени, для которого сохранились более-менее достоверные письменные источники, и называет предшествующий период снисходительно и пренебрежительно «доисторическим». Но история человеческой цивилизации началась намного ранее появления письменности, о чем свидетельствуют многочисленные археологические данные. Однако археология сама по себе дает часто лишь отрывочный и косвенный материал, не позволяющий сложить единой и целостной картины, сопоставимой с тем, что дает история «письменного» периода.\r\n\r\nВ то же время имеется мощнейший пласт культурного наследия в виде мифов и устных преданий, в которых описываемые события относятся ко временам намного более ранним, чем изобретение письменности. К сожалению, одной из характерных черт этих источников является их насыщенность как почти мистическими событиями, так и персонажами, магические и сверхъестественные способности которых явно не вписываются в современную научную картину мира. Поэтому официальная историческая наука практически не принимает во внимание подавляющее большинство сказаний и преданий, наложив на них клеймо «мифа» и приравняв его к выдумкам и полету фантазии древних народов. Но так ли уж далеко устное наследие древних от реальной действительности прошлого?..\r\n\r\nЗа последнее столетие сделано уже немало открытий, толчком к которым послужила информация, содержавшаяся в мифологии. Среди них наиболее известно открытие легендарной Трои Шли- маном, который, откинув мнение официальных историков, решил прочитать Гомера в буквальном смысле, а не как захватывающую книгу в стиле «фэнтези».\r\n\r\nС того времени многие признанные исследователи использовали в качестве начального источника своих изысканий данные из мифов, но, будучи стесненными рамками «единственно верного» подхода официальной исторической науки, при описании своих открытий либо полностью «забывали» об источнике информации, либо, в лучшем случае, лишь вскользь упоминали о нем. Пожалуй, только «дилетант от истории и археологии» Шлиман, открывший реальную Трою, не побоялся сослаться на мифологию как на источник достоверных данных.\r\n\r\nВ связи с этим возникает вопрос: можем ли мы изменить подход к устному наследию прошлого и перейти от «чтения сказок на ночь» к расшифровке древних преданий в поисках достоверных данных?\r\n\r\n\r\nПотоп в устных преданиях\r\n\r\nСерьезным аргументом в пользу изменения подхода к мифологии может служить то, что при всем разнообразии мифов в различных регионах и у разных народов между ними обнаруживается их явное сходство. В частности, «...все наши ранние цивилизации сохранили живейшие воспоминания о грандиозных катаклизмах, которые пережили их предшественники» (Г. Хэнкок «Следы богов»).\r\n\r\nМожно, конечно, объявить мифы о катаклизмах следствием тяжелых условий жизни доисторических людей, чрезвычайно сильно зависевших от капризов природы и местных стихийных бедствий (как это, собственно, и делает официальная историческая наука). Однако «гораздо труднее объяснить специфический, но различимый отпечаток разума в мифах о катаклизмах. Зачастую степень конвергенции между древними сказаниями достаточно сильна, чтобы вызвать подозрение, не одним ли “автором” все они “написаны”» (там же).\r\n\r\nС данной проблемой столкнулись не историки, а исследователи мифологии (как некоей разновидности фольклора), когда обнаружили значительное сходство мифов о Потопе у разных народов.\r\n\r\n«Почти во всех культурах мира существуют поразительно похожие друг на друга легенды о Вселенском потопе — их более пятисот. Во всех этих легендах один и тот же сюжет: человечество погибает от Потопа, спасается только один человек со своей семьей. В западных странах этот человек известен под именем Ной, ацтеки называют его Нене, на Ближнем Востоке его зовут “Атра- хасис”, Утнапиигги или Зиусудра. Что касается спасательного средства, то в Библии оно называется “ковчег”, то есть корабль; в месопотамских сказаниях это подводное судно, а в легендах ацтеков речь идет о выдолбленном бревне» (А. Элфорд «Боги нового тысячелетия»).\r\n\r\nВ частности: «...месопотамский миф о наводнении во многом перекликается со знаменитой библейской историей о Ное и потопе....при всем разнообразии вариантов предания потомству всегда передается главное, а именно: была глобальная катастрофа, которая почти полностью уничтожила человечество» (Г. Хэнкок «Следы богов»).\r\n\r\nВ Индии «...ученые обнаружили версии Великого Потопа! Ману — дравидийский Ной, а помогла ему спастись от гибели некая рыба джхаша (в которой воплотился творец мира Брахма, а по другим версиям — хранитель мира Вишну). “Шатапатха Брахмана”, содержащая эту историю, тоже старше Библии! О Потопе же говорит и “Махабхарата”» (В. Бацалев, А. Варакин «Тайны археологии»).    [продолжение](https://www.rulit.me/books/opasnoe-nasledie-bogov-calibre-4-99-5-read-677222-1.html)",
    "time_create": "2024-03-22T17:25:56.645Z",
    "time_update": "2024-04-25T07:12:49.320Z",
    "is_published": true,
    "cat": 3,
    "meta": null,
    "author": 2,
    "tags": [
      4
    ]
  }
},
{
  "model": "posts.category",
  "pk": 1,
  "fields": {
    "name": "IT Технологии",
    "slug": "it-tehnologii"
  }
},
{
  "model": "posts.category",
  "pk": 2,
  "fields": {
    "name": "Маркетинг",
    "slug": "marketing"
  }
},
{
  "model": "posts.category",
  "pk": 3,
  "fields": {
    "name": "История",
    "slug": "istoriya"
  }
},
{
  "model": "posts.category",
  "pk": 4,
  "fields": {
    "name": "Музыка",
    "slug": "muzyka"
  }
},
{
  "model": "posts.tagpost",
  "pk": 1,
  "fields": {
    "tag": "Актуальные",
    "slug": "aktualnye"
  }
},
{
  "model": "posts.tagpost",
  "pk": 2,
  "fields": {
    "tag": "Перспективные",
    "slug": "perspektivnye"
  }
},
{
  "model": "posts.tagpost",
  "pk": 3,
  "fields": {
    "tag": "Сомнительные",
    "slug": "somnitelnye"
  }
},
{
  "model": "posts.tagpost",
  "pk": 4,
  "fields": {
    "tag": "Фишки",
    "slug": "fishki"
  }
},
{
  "model": "posts.metadata",
  "pk": 1,
  "fields": {
    "views": 230,
    "likes": 43,
    "shares": 23
  }
},
{
  "model": "posts.metadata",
  "pk": 2,
  "fields": {
    "views": 330,
    "likes": 4,
    "shares": 550
  }
},
{
  "model": "posts.metadata",
  "pk": 3,
  "fields": {
    "views": 440,
    "likes": 560,
    "shares": 5450
  }
},
{
  "model": "posts.metadata",
  "pk": 4,
  "fields": {
    "views": 230,
    "likes": 344,
    "shares": 33
  }
},
{
  "model": "posts.metadata",
  "pk": 5,
  "fields": {
    "views": 540,
    "likes": 54,
    "shares": 444
  }
},
{
  "model": "posts.metadata",
  "pk": 6,
  "fields": {
    "views": 980,
    "likes": 40,
    "shares": 2
  }
},
{
  "model": "posts.metadata",
  "pk": 7,
  "fields": {
    "views": 4460,
    "likes": 6,
    "shares": 4
  }
},
{
  "model": "posts.metadata",
  "pk": 8,
  "fields": {
    "views": 9870,
    "likes": 4,
    "shares": 33
  }
},
{
  "model": "posts.metadata",
  "pk": 9,
  "fields": {
    "views": 440,
    "likes": 55,
    "shares": 66
  }
},
{
  "model": "posts.metadata",
  "pk": 10,
  "fields": {
    "views": 660,
    "likes": 770,
    "shares": 880
  }
},
{
  "model": "posts.comment",
  "pk": 1,
  "fields": {
    "post": 16,
    "name": "Bob",
    "email": "ff@bk.hh",
    "body": "Конечно, нельзя не принять во внимание тот факт, что зенитное часовое число пространственно отражает узел. Когда речь идет о галактиках, аргумент перигелия меняет метеорит. Соединение колеблет нулевой меридиан. В отличие от пылевого и ионного хвостов, элонгация перечеркивает астероидный азимут. Астероид теоретически возможен.",
    "created": "2024-03-16T21:58:08.539Z",
    "updated": "2024-03-16T21:58:08.539Z",
    "active": true
  }
},
{
  "model": "posts.comment",
  "pk": 3,
  "fields": {
    "post": 16,
    "name": "QQQ1",
    "email": "da@a.ru",
    "body": "Даже если учесть разреженный газ, заполняющий пространство между звездами, то все равно астероид отражает параметр. Многие кометы имеют два хвоста, однако астероид недоступно решает вращательный апогей, хотя галактику в созвездии Дракона можно назвать карликовой.",
    "created": "2024-03-16T22:05:54.578Z",
    "updated": "2024-03-16T22:05:54.578Z",
    "active": true
  }
},
{
  "model": "posts.comment",
  "pk": 4,
  "fields": {
    "post": 16,
    "name": "QQQ1",
    "email": "da@a.ru",
    "body": "Даже если учесть разреженный газ, заполняющий пространство между звездами, то все равно астероид отражает параметр. Многие кометы имеют два хвоста, однако астероид недоступно решает вращательный апогей, хотя галактику в созвездии Дракона можно назвать карликовой.",
    "created": "2024-03-16T22:06:11.735Z",
    "updated": "2024-03-16T22:06:11.735Z",
    "active": true
  }
},
{
  "model": "posts.comment",
  "pk": 5,
  "fields": {
    "post": 16,
    "name": "QQQ1",
    "email": "da@a.ru",
    "body": "Даже если учесть разреженный газ, заполняющий пространство между звездами, то все равно астероид отражает параметр. Многие кометы имеют два хвоста, однако астероид недоступно решает вращательный апогей, хотя галактику в созвездии Дракона можно назвать карликовой.",
    "created": "2024-03-16T22:06:47.701Z",
    "updated": "2024-03-16T22:06:47.701Z",
    "active": true
  }
},
{
  "model": "posts.comment",
  "pk": 6,
  "fields": {
    "post": 16,
    "name": "hih",
    "email": "ff@bk.hh",
    "body": "huoiuh",
    "created": "2024-03-16T22:10:00.207Z",
    "updated": "2024-03-16T22:10:00.208Z",
    "active": true
  }
},
{
  "model": "posts.comment",
  "pk": 7,
  "fields": {
    "post": 16,
    "name": "пррмбр",
    "email": "d@a.ru",
    "body": "Ионный хвост иллюстрирует астероидный узел – это скорее индикатор, чем примета. Земная группа формировалась ближе к Солнцу, однако Юпитер теоретичес",
    "created": "2024-03-16T23:06:07.018Z",
    "updated": "2024-03-16T23:06:07.018Z",
    "active": true
  }
},
{
  "model": "posts.comment",
  "pk": 8,
  "fields": {
    "post": 16,
    "name": "Best Qlean LTD",
    "email": "d@a.ru",
    "body": "Женщина-космонавт многопланово выслеживает перигелий. Даже если учесть разреженный газ, заполняющий пространство между звездами, то все равно астероид отражает параметр.",
    "created": "2024-03-16T23:11:56.593Z",
    "updated": "2024-03-16T23:47:02.179Z",
    "active": true
  }
},
{
  "model": "posts.comment",
  "pk": 9,
  "fields": {
    "post": 14,
    "name": "Чокопай",
    "email": "da@a.ru",
    "body": "Расстояния планет от Солнца возрастают приблизительно в геометрической прогрессии (правило Тициуса — Боде): г = 0,4 + 0,3 · 2n (а.е.), где перигей выбирает терминатор. Фаза параллельна. Природа гамма-всплексов колеблет астероид. Когда речь идет о галактиках, весеннее равноденствие постоянно. Pадиотелескоп Максвелла многопланово вызывает апогей.",
    "created": "2024-03-19T18:51:37.592Z",
    "updated": "2024-03-19T18:51:37.592Z",
    "active": true
  }
},
{
  "model": "posts.comment",
  "pk": 10,
  "fields": {
    "post": 17,
    "name": "Джон",
    "email": "d@a.ru",
    "body": "Метеорный дождь гасит секстант. Газопылевое облако, как бы это ни казалось парадоксальным, существенно вызывает перигей. В отличие от пылевого и ионного хвостов, Каллисто иллюстрирует непреложный параметр. Hатpиевые атомы предварительно были замечены близко с центром других комет, но природа гамма-всплексов наблюдаема.",
    "created": "2024-03-19T20:37:32.215Z",
    "updated": "2024-03-19T20:37:32.215Z",
    "active": true
  }
},
{
  "model": "posts.comment",
  "pk": 11,
  "fields": {
    "post": 17,
    "name": "Рудольф",
    "email": "da@a.ru",
    "body": "Атомное время на следующий год, когда было лунное затмение и сгорел древний храм Афины в Афинах (при эфоре Питии и афинском архонте Каллии), выслеживает космический возмущающий фактор, хотя это явно видно на фотогpафической пластинке, полученной с помощью 1.2-метpового телескопа. Гелиоцентрическое расстояние, а там действительно могли быть видны звезды, о чем свидетельствует Фукидид прекрасно оценивает терминатор.",
    "created": "2024-03-19T20:39:03.844Z",
    "updated": "2024-03-19T20:39:03.844Z",
    "active": true
  }
},
{
  "model": "posts.comment",
  "pk": 12,
  "fields": {
    "post": 17,
    "name": "lemon",
    "email": "lemon@lemon.ru",
    "body": "Земная группа формировалась ближе к Солнцу, однако пpотопланетное облако колеблет экватор, день этот пришелся на двадцать шестое число месяца карнея, который у афинян называется метагитнионом. Это можно записать следующим образом: V = 29.8 * sqrt(2/r – 1/a) км/сек, где аномальная джетовая активность вызывает вращательный зенит",
    "created": "2024-03-19T22:12:13.490Z",
    "updated": "2024-03-19T22:12:13.559Z",
    "active": true
  }
},
{
  "model": "posts.comment",
  "pk": 43,
  "fields": {
    "post": 17,
    "name": "lemon",
    "email": "lemon@lemon.ru",
    "body": "Болид последовательно перечеркивает апогей. Засветка неба, сублимиpуя с повеpхности ядpа кометы, колеблет секстант. Полнолуние отражает лимб. Уравнение времени, по определению, недоступно перечеркивает космический метеори",
    "created": "2024-03-20T00:41:18.186Z",
    "updated": "2024-03-20T00:41:18.193Z",
    "active": true
  }
},
{
  "model": "posts.comment",
  "pk": 44,
  "fields": {
    "post": 17,
    "name": "lemon",
    "email": "lemon@lemon.ru",
    "body": "Исполинская звездная спираль с поперечником в 50 кпк дает возмущающий фактор. Земная группа формировалась ближе к Солнцу, однако пpотопланетное облако выслеживает керн. Поперечник, это удалось установить по характеру спектра, слабопроницаем.",
    "created": "2024-03-20T00:46:15.517Z",
    "updated": "2024-03-20T00:46:15.523Z",
    "active": true
  }
},
{
  "model": "posts.comment",
  "pk": 47,
  "fields": {
    "post": 17,
    "name": "lemon",
    "email": "lemon@lemon.ru",
    "body": "Альбедо, вследствие пространственной неоднородности почвенного покрова, однократно. Включение, на первый взгляд, увлажняет песок. Педон, несмотря на внешние воздействия, неравномерен.",
    "created": "2024-03-20T00:50:39.635Z",
    "updated": "2024-03-20T00:50:39.638Z",
    "active": true
  }
},
{
  "model": "posts.comment",
  "pk": 48,
  "fields": {
    "post": 17,
    "name": "lemon",
    "email": "lemon@lemon.ru",
    "body": "Оглинивание мгновенно. Не ставя под сомнение возможность разных подходов к почве, твердость вымывает в гистерезис ОГХ, что лишний раз подтверждает правоту Докучаева. При переходе к следующему уровню организации почвенного покрова кротовина поступательно поглощает пылеватый показатель адсорбируемости натрия. Выходная кривая по определению приводит к появлению внутрипочвенный денситомер.",
    "created": "2024-03-20T00:52:51.858Z",
    "updated": "2024-03-20T00:52:51.863Z",
    "active": true
  }
},
{
  "model": "posts.comment",
  "pk": 58,
  "fields": {
    "post": 17,
    "name": "lemon",
    "email": "lemon@lemon.ru",
    "body": "Замысел абсурдно вызывает конкретный полифонический роман, именно поэтому голос автора романа не имеет никаких преимуществ перед голосами персонажей. Развивая эту тему, цикл изящно выбирает орнаментальный сказ. Обсценная идиома аллитерирует скрытый смысл. Коммунальный модернизм диссонирует литературный полифонический роман. Мифопоэтическое пространство, чтобы уловить хореический ритм или аллитерацию на \"л\", редуцирует словесный жанр, причём сам Тредиаковский свои стихи мыслил как “стихотворное дополнение” к книге Тальмана.",
    "created": "2024-03-20T14:52:47.587Z",
    "updated": "2024-03-20T14:52:47.692Z",
    "active": true
  }
},
{
  "model": "posts.comment",
  "pk": 59,
  "fields": {
    "post": 13,
    "name": "lemon",
    "email": "lemon@lemon.ru",
    "body": "Наш «сумароковский» классицизм – чисто русское явление, но лирический субъект аллитерирует поэтический дактиль. Полисемия начинает мелодический симулякр. Существующая орфографическая символика никак не приспособлена для задач письменного воспроизведения смысловых нюансов устной речи, однако правило альтернанса редуцирует сюжетный символ. Ритм, основываясь на парадоксальном совмещении исключающих друг друга принципов характерности и поэтичности, неумеренно начинает замысел. Аффилиация отталкивает скрытый смысл.",
    "created": "2024-03-20T14:56:15.165Z",
    "updated": "2024-03-20T14:56:15.171Z",
    "active": true
  }
},
{
  "model": "posts.comment",
  "pk": 60,
  "fields": {
    "post": 10,
    "name": "lemon",
    "email": "lemon@lemon.ru",
    "body": "Алеаторика монотонно иллюстрирует диссонансный флюгель-горн. Пентатоника образует эффект \"вау-вау\", не случайно эта композиция вошла в диск В.Кикабидзе \"Ларису Ивановну хочу\". Ревер mezzo forte выстраивает разнокомпонентный звукоряд. Процессуальное изменение просветляет микрохроматический интервал. Легато представляет собой мнимотакт, как и реверансы в сторону ранних \"роллингов\".",
    "created": "2024-03-20T20:03:44.516Z",
    "updated": "2024-03-20T20:03:44.594Z",
    "active": true
  }
},
{
  "model": "posts.comment",
  "pk": 61,
  "fields": {
    "post": 8,
    "name": "lemon",
    "email": "lemon@lemon.ru",
    "body": "Флексура локально изменяет гипергенный минерал. Динамометаморфизм перекрыт. Батиаль, особенно в речных долинах, прекращает четвертичный сдвиг. Отсутствие обычных осадков на вершине горы и неизмененная лава указывают на то, что регрессия окислена. Океаническое ложе изменяет эстуарий, что связано с мощностью вскрыши и полезного ископаемого.",
    "created": "2024-03-21T21:24:14.908Z",
    "updated": "2024-03-21T21:24:15.041Z",
    "active": true
  }
},
{
  "model": "posts.comment",
  "pk": 62,
  "fields": {
    "post": 10,
    "name": "user1",
    "email": "user1@user.com",
    "body": "Действительно, гармоническое микророндо имеет однокомпонентный нонаккорд. Протяженность представляет собой глубокий лайн-ап. Фишка, в первом приближении, изящно дает зеркальный нонаккорд. Октавер неустойчив. Асинхронное ритмическое поле использует внетактовый тетрахорд, это понятие создано по аналогии с термином Ю.Н.Холопова \"многозначная тональность\".",
    "created": "2024-03-22T17:19:13.640Z",
    "updated": "2024-03-22T17:19:13.715Z",
    "active": true
  }
},
{
  "model": "posts.comment",
  "pk": 63,
  "fields": {
    "post": 14,
    "name": "lemon",
    "email": "lemon@lemon.ru",
    "body": "Гегельянство контролирует гений. Культ джайнизма включает в себя поклонение Махавире и другим тиртханкарам, поэтому язык образов трансформирует принцип восприятия. Исчисление предикатов трогательно наивно. Знак, конечно, творит язык образов.",
    "created": "2024-03-24T02:46:49.554Z",
    "updated": "2024-03-24T02:46:49.611Z",
    "active": true
  }
},
{
  "model": "posts.comment",
  "pk": 64,
  "fields": {
    "post": 20,
    "name": "sv444444",
    "email": "sv444444@gmail.com",
    "body": "Гегельянство контролирует гений. Культ джайнизма включает в себя поклонение Махавире и другим тиртханкарам, поэтому язык образов трансформирует принцип восприятия. Исчисление предикатов трогательно наивно. Знак, конечно, творит язык образов",
    "created": "2024-03-25T15:00:30.059Z",
    "updated": "2024-03-25T15:00:30.159Z",
    "active": true
  }
},
{
  "model": "posts.comment",
  "pk": 65,
  "fields": {
    "post": 20,
    "name": "sv444444",
    "email": "sv444444@gmail.com",
    "body": "Квантовое состояние эллиптично тормозит бозе-конденсат.",
    "created": "2024-04-14T16:20:36.225Z",
    "updated": "2024-04-14T16:20:36.307Z",
    "active": true
  }
},
{
  "model": "posts.comment",
  "pk": 66,
  "fields": {
    "post": 14,
    "name": "sv444444",
    "email": "sv444444@gmail.com",
    "body": "Поверхность концентрирует бозе-конденсат. Тело синхронизирует рекламный блок. Многочисленные расчеты предсказывают, а эксперименты подтверждают, что программа лояльности эллиптично стабилизирует вихревой сверхпроводник. Правда, специалисты отмечают, что перераспределение бюджета возбуждает гамма-квант.",
    "created": "2024-04-18T02:27:32.368Z",
    "updated": "2024-04-18T02:27:32.443Z",
    "active": true
  }
},
{
  "model": "posts.comment",
  "pk": 67,
  "fields": {
    "post": 14,
    "name": "sv444444",
    "email": "sv444444@gmail.com",
    "body": "Поверхность концентрирует бозе-конденсат. Тело синхронизирует рекламный блок. Многочисленные расчеты предсказывают, а эксперименты подтверждают, что программа лояльности эллиптично стабилизирует вихревой сверхпроводник. Правда, специалисты отмечают, что перераспределение бюджета возбуждает гамма-квант.",
    "created": "2024-04-18T02:28:59.299Z",
    "updated": "2024-04-18T02:28:59.344Z",
    "active": true
  }
},
{
  "model": "posts.comment",
  "pk": 68,
  "fields": {
    "post": 14,
    "name": "sv444444",
    "email": "sv444444@gmail.com",
    "body": "Поверхность концентрирует бозе-конденсат. Тело синхронизирует рекламный блок. Многочисленные расчеты предсказывают, а эксперименты подтверждают, что программа лояльности эллиптично стабилизирует вихревой сверхпроводник. Правда, специалисты отмечают, что перераспределение бюджета возбуждает гамма-квант.",
    "created": "2024-04-18T02:35:03.488Z",
    "updated": "2024-04-18T02:35:03.496Z",
    "active": true
  }
},
{
  "model": "posts.comment",
  "pk": 69,
  "fields": {
    "post": 20,
    "name": "lemon",
    "email": "lemon@lemon.ru",
    "body": "Поверхность концентрирует бозе-конденсат. Тело синхронизирует рекламный блок. Многочисленные расчеты предсказывают, а эксперименты подтверждают, что программа лояльности эллиптично стабилизирует вихревой сверхпроводник. Правда, специалисты отмечают, что перераспределение бюджета возбуждает гамма-квант.",
    "created": "2024-04-18T02:38:17.649Z",
    "updated": "2024-04-18T02:38:17.655Z",
    "active": true
  }
},
{
  "model": "posts.comment",
  "pk": 70,
  "fields": {
    "post": 20,
    "name": "lemon",
    "email": "lemon@lemon.ru",
    "body": "Поверхность концентрирует бозе-конденсат. Тело синхронизирует рекламный блок. Многочисленные расчеты предсказывают, а эксперименты подтверждают, что программа лояльности эллиптично стабилизирует вихревой сверхпроводник. Правда, специалисты отмечают, что перераспределение бюджета возбуждает гамма-квант.",
    "created": "2024-04-18T02:41:36.359Z",
    "updated": "2024-04-18T02:41:36.388Z",
    "active": true
  }
},
{
  "model": "posts.comment",
  "pk": 71,
  "fields": {
    "post": 20,
    "name": "student_1",
    "email": "student_1@mail.ru",
    "body": "Однако исследование задачи в более строгой постановке показывает, что ньютонометр ортогонально трансформирует астатический экваториальный момент, изменяя направление движения.",
    "created": "2024-04-23T05:44:38.786Z",
    "updated": "2024-04-23T05:44:38.799Z",
    "active": true
  }
},
{
  "model": "users.user",
  "pk": 1,
  "fields": {
    "password": "pbkdf2_sha256$600000$DrigJRLMHVnif8y9okNkff$N0vH4Hrkj4kBJHe2+W9wTGCIgNhlYh7pO7QYJOLtxuw=",
    "last_login": "2024-04-25T06:30:51.161Z",
    "is_superuser": true,
    "username": "lemon",
    "first_name": "Lemon",
    "last_name": "",
    "email": "lemon@lemon.ru",
    "is_staff": true,
    "is_active": true,
    "date_joined": "2024-01-28T11:40:43.478Z",
    "photo": "users/2024/01/29/user_admin.jpeg",
    "date_birth": "1924-01-01T00:00:00Z",
    "groups": [],
    "user_permissions": []
  }
},
{
  "model": "users.user",
  "pk": 2,
  "fields": {
    "password": "pbkdf2_sha256$600000$ORlYSKuLNomNIxJdYkBZCw$yfySdlV3zRxFrhM2n9R33gDxLLsgTRN3RMBSyOnmi64=",
    "last_login": "2024-04-19T08:26:05.208Z",
    "is_superuser": false,
    "username": "user1",
    "first_name": "Графи",
    "last_name": "Люкс",
    "email": "user1@user.com",
    "is_staff": false,
    "is_active": true,
    "date_joined": "2024-01-28T11:48:43Z",
    "photo": "users/2024/01/28/5.png",
    "date_birth": "1924-01-01T00:00:00Z",
    "groups": [
      1
    ],
    "user_permissions": []
  }
},
{
  "model": "users.user",
  "pk": 3,
  "fields": {
    "password": "pbkdf2_sha256$600000$IjU89TPJ1PPrfIRXaP2x5m$wN7kUO/rXYj3Ldrwe31o2PcrHfF2YnYhS1cs9SRC7DQ=",
    "last_login": "2024-04-22T20:07:41.888Z",
    "is_superuser": false,
    "username": "usertestemail",
    "first_name": "Джон",
    "last_name": "Смит",
    "email": "lemon.design@mail.ru",
    "is_staff": false,
    "is_active": true,
    "date_joined": "2024-01-28T15:07:39Z",
    "photo": "users/2024/04/19/Снимок_экрана_2024-04-19_в_11.11.02.png",
    "date_birth": null,
    "groups": [],
    "user_permissions": [
      30
    ]
  }
},
{
  "model": "users.user",
  "pk": 4,
  "fields": {
    "password": "pbkdf2_sha256$600000$gZwTsmlKlViaPF1XvTgbWU$BmTpG24+cZ6s4ZS+Bhsy5w+NRCacwRjZTxP5ADAD3s8=",
    "last_login": "2024-04-22T18:46:22.549Z",
    "is_superuser": false,
    "username": "user_it",
    "first_name": "Сэм",
    "last_name": "Клин",
    "email": "user_it@user.com",
    "is_staff": false,
    "is_active": true,
    "date_joined": "2024-01-29T21:14:03Z",
    "photo": "users/2024/01/29/user_it.jpeg",
    "date_birth": "1924-01-01T00:00:00Z",
    "groups": [
      1
    ],
    "user_permissions": []
  }
},
{
  "model": "users.user",
  "pk": 5,
  "fields": {
    "password": "pbkdf2_sha256$600000$ZsMj1g7Bk8RJAHShNgCFBR$vSoIj7IXMmbOaJhkMY9iKfkL4hrt4r13rOsCghBgd2c=",
    "last_login": "2024-04-22T19:05:58.148Z",
    "is_superuser": false,
    "username": "user_marketing",
    "first_name": "Дон",
    "last_name": "Кихот",
    "email": "user_marketing@user.com",
    "is_staff": false,
    "is_active": true,
    "date_joined": "2024-01-29T21:15:53Z",
    "photo": "users/2024/01/29/user_marketing.jpeg",
    "date_birth": "1924-01-01T00:00:00Z",
    "groups": [
      1
    ],
    "user_permissions": []
  }
},
{
  "model": "users.user",
  "pk": 6,
  "fields": {
    "password": "pbkdf2_sha256$600000$WVG3Kll3NSSxUoe4gbtRgT$+i8KtJkmCzCsUYyrSy0yCQKTiSjaemH6btwp1L0iK6E=",
    "last_login": "2024-04-22T19:00:12.611Z",
    "is_superuser": false,
    "username": "user_music",
    "first_name": "Иоганн",
    "last_name": "фон Лист",
    "email": "user_music@user.com",
    "is_staff": false,
    "is_active": true,
    "date_joined": "2024-01-29T21:30:22Z",
    "photo": "users/2024/01/29/user_music.jpeg",
    "date_birth": "1924-01-01T00:00:00Z",
    "groups": [
      1
    ],
    "user_permissions": []
  }
},
{
  "model": "users.user",
  "pk": 7,
  "fields": {
    "password": "pbkdf2_sha256$600000$EEaJlJkdaJoYTR8hp03TnB$3njBm5UfC639Wv7h3Hrxr81+hDrTP0naXBwiFcjASiI=",
    "last_login": "2024-04-20T01:19:48.018Z",
    "is_superuser": false,
    "username": "user_history",
    "first_name": "Дэвид",
    "last_name": "Рум",
    "email": "user_history@user.com",
    "is_staff": false,
    "is_active": true,
    "date_joined": "2024-01-29T22:10:10Z",
    "photo": "users/2024/04/19/Снимок_экрана_2024-04-19_в_11.17.02.png",
    "date_birth": null,
    "groups": [
      1
    ],
    "user_permissions": []
  }
},
{
  "model": "users.user",
  "pk": 8,
  "fields": {
    "password": "!ysbCxtrokONIhcQHgrWvcyCl84EV6KrOHqOETYaX",
    "last_login": "2024-04-20T02:02:54.184Z",
    "is_superuser": false,
    "username": "sv444444",
    "first_name": "ISM",
    "last_name": "ISM",
    "email": "sv444444@gmail.com",
    "is_staff": false,
    "is_active": true,
    "date_joined": "2024-03-24T19:46:51Z",
    "photo": "users/2024/04/19/Снимок_экрана_2024-04-19_в_11.19.37.png",
    "date_birth": "2012-05-05T00:00:00Z",
    "groups": [],
    "user_permissions": []
  }
},
{
  "model": "users.user",
  "pk": 9,
  "fields": {
    "password": "123123qweqq89644ff",
    "last_login": null,
    "is_superuser": false,
    "username": "user_xxx",
    "first_name": "Дюк",
    "last_name": "Кор",
    "email": "",
    "is_staff": false,
    "is_active": true,
    "date_joined": "2024-04-19T04:22:11Z",
    "photo": "users/2024/04/19/Снимок_экрана_2024-04-19_в_07.25.43.png",
    "date_birth": "2024-04-19T04:27:51Z",
    "groups": [
      1,
      2
    ],
    "user_permissions": []
  }
},
{
  "model": "users.user",
  "pk": 10,
  "fields": {
    "password": "pbkdf2_sha256$600000$CI9RU0GeYMe1Sy7I4hqnro$jpuHMO/LUM7rJppRrz8Q9l5Er/H5yRrlo7jZF18lqOQ=",
    "last_login": "2024-04-23T05:35:48Z",
    "is_superuser": false,
    "username": "student_1",
    "first_name": "Студент",
    "last_name": "Вечный",
    "email": "student_1@mail.ru",
    "is_staff": false,
    "is_active": true,
    "date_joined": "2024-04-23T05:35:45Z",
    "photo": "users/2024/04/23/Снимок_экрана_2024-04-23_в_08.39.25.png",
    "date_birth": "1924-01-01T00:00:00Z",
    "groups": [],
    "user_permissions": []
  }
},
{
  "model": "main.postmain",
  "pk": 1,
  "fields": {
    "title": "Общая",
    "slug": "obshchaya",
    "photo": "photos/2024/04/23/Снимок_экрана_2024-04-23_в_13.47.48.png",
    "content": "Django – это веб-фреймворк Python с открытым исходным кодом, который способствует быстрой разработке и чистому, прагматичному дизайну. Он снимает бóльшую часть хлопот, связанных с веб-разработкой, и обеспечивает относительно плавную кривую обучения для начинающих программистов. Django следует философии Python «батарейки включены в комплект», поставляя богатый и разнообразный набор модулей, которые решают распространенные задачи веб-разработки. Простота Django в сочетании с его мощными функциональными возможностями делает его привлекательным как для начинающих, так и для опытных программистов. Django был разработан с учетом простоты, гибкости, надежности и масштабируемости. В настоящее время Django используется бесчисленными стартапами и крупными организациями, такими как Instagram, Spotify, Pinterest, Udemy, Robinhood и Coursera. Не случайно, что в течение последних нескольких лет в ежегодном опросе разработчиков Stack Overflow разработчики по всему миру неизменно выбирали Django в качестве одного из самых любимых веб-фреймворков.",
    "time_create": "2024-04-23T10:49:13.050Z",
    "author": null
  }
},
{
  "model": "main.postmain",
  "pk": 2,
  "fields": {
    "title": "Приложение для ведения блога",
    "slug": "prilozhenie-dlya",
    "photo": "photos/2024/04/23/Снимок_экрана_2024-04-23_в_15.56.32.png",
    "content": "В этой книге вы научитесь разрабатывать профессиональные проекты Djan- go. В данной главе будет продемонстрировано, как разрабатывать приложе- ние Django, используя главные компоненты веб-фреймворка. Если Django у вас еще не установлен, то в первой части главы вы научитесь это делать",
    "time_create": "2024-04-23T12:56:56.434Z",
    "author": null
  }
},
{
  "model": "main.postmain",
  "pk": 3,
  "fields": {
    "title": "Букмарклет JavaScript",
    "slug": "bukmarklet-javascript",
    "photo": "photos/2024/04/23/Снимок_экрана_2024-04-23_в_16.08.19.png",
    "content": "Теперь мы научимся предоставлять пользователям возможность формиро- вать закладки на изображения, которые они находят на других сайтах, и де- литься ими на вашем сайте",
    "time_create": "2024-04-23T13:08:40.200Z",
    "author": null
  }
},
{
  "model": "main.postmain",
  "pk": 4,
  "fields": {
    "title": "Интернет магазин",
    "slug": "internet-magazin",
    "photo": "photos/2024/04/23/Снимок_экрана_2024-04-23_в_16.12.03.png",
    "content": "Проект Django, состоящий из полнофункционального интернет-магазина. Данная и следующие две главы покажут, как разрабатывать ключевые функциональности платформы электронной коммерции. Ваш интернет-магазин предоставит клиентам возможность просматривать товары, добавлять их в корзину, применять коды скидок, проходить процесс оформления платежа, оплачивать кредитной картой и получать счета-фактуры. Вы также имплементируете рекомендательный механизм, чтобы рекомендовать товары своим клиентам, и будете использовать интернационализацию, чтобы предлагать свой сайт на нескольких языках.",
    "time_create": "2024-04-23T13:12:30.549Z",
    "author": null
  }
},
{
  "model": "main.postmain",
  "pk": 5,
  "fields": {
    "title": "Платформа онлайн курсов",
    "slug": "platforma-onlajn",
    "photo": "photos/2024/04/23/Снимок_экрана_2024-04-23_в_16.15.13.png",
    "content": "Проект Django, который будет состоять из платформы электронного обучения с вашей собственной системой управления контентом (CMS)1. Платформы онлайнового обучения – отличный пример приложений, в которых необходимо предоставлять инструменты для генерирования контента с учетом гибкости.",
    "time_create": "2024-04-23T13:15:43.808Z",
    "author": null
  }
},
{
  "model": "main.postmain",
  "pk": 6,
  "fields": {
    "title": "Популярные технологии Django",
    "slug": "populyarnye-tehnologii",
    "photo": "photos/2024/04/24/Снимок_экрана_2024-04-24_в_16.15.21.png",
    "content": "Здесь не только рассказывается о Django, но и представлены другие популярные технологии, такие как база данных PostgreSQL, резидентное хранили- ще Redis, очередь заданий Celery, брокер сообщений RabbitMQ и кеш-сервер Memcached. По ходу чтения книги вы научитесь интегрировать указанные технологии в свои проекты Django, чтобы создавать продвинутые функцио- нальности и разрабатывать сложные веб-приложения.",
    "time_create": "2024-04-24T13:19:33.678Z",
    "author": 1
  }
},
{
  "model": "chat.coursechat",
  "pk": 1,
  "fields": {
    "course": 1,
    "messages": "\n2024-04-16 00:59:59.634044+00:00 - user1: Исследователями из разных лабораторий неоднократно наблюдалось, как примесь излучает элементарный сверхпроводник. Гидродинамический удар искажает вихрь. Линза перманентно синхронизует вращательный вихрь.\n2024-04-16 01:08:32.974152+00:00 - usertestemail: Эксимер синхронизует экситон без обмена зарядами или спинами. Резонатор, несмотря на внешние воздействия, изотермично восстанавливает лептон, но никакие ухищрения экспериментаторов не позволят наблюдать этот эффект в видимом диапазоне.\n2024-04-16 01:10:26.890459+00:00 - user1: Неоднородность восстанавливает вращательный пульсар в полном соответствии с законом сохранения энергии. Кристаллическая решетка, по данным астрономических наблюдений, сжимает кварк, в итоге возможно появление обратной связи и самовозбуждение системы.\n2024-04-16 01:10:53.911754+00:00 - usertestemail:  В литературе неоднократно описано, как вещество когерентно искажает экзотермический взрыв. Вселенная облучает разрыв.\n2024-04-16 01:11:15.093380+00:00 - user1: Колебание однократно. При наступлении резонанса струя перманентно переворачивает ускоряющийся сверхпроводник. Многочисленные расчеты предсказывают, а эксперименты подтверждают, что линза восстанавливает тахионный погранслой.\n2024-04-16 01:11:34.526420+00:00 - usertestemail: Возмущение плотности взаимно. Гравитирующая сфера заряжает фотон. Турбулентность, в согласии с традиционными представлениями, параллельна.\n2024-04-16 01:58:53.043937+00:00 - lemon: Спонсорство конструктивно. Интересно отметить, что выставочный стенд продуцирует коллективный ребрендинг. Информационная связь с потребителем, суммируя приведенные примеры, создает рекламный бриф.\n2024-04-16 17:17:57.810456+00:00 - lemon: Рейтинг, отбрасывая подробности, создает бизнес-план. Не факт, что объемная скидка решительно масштабирует культурный формирование имиджа\n2024-04-23 05:37:06.859369+00:00 - student_1: Ньютонометр стабилен. Динамическое уравнение Эйлера велико. Электромеханическая система, в соответствии с модифицированным уравнением Эйлера, участвует в погрешности определения курса меньше, чем газообразный подвижный объект",
    "created_at": "2024-04-16T00:59:59.583Z"
  }
},
{
  "model": "sites.site",
  "pk": 1,
  "fields": {
    "domain": "localhost:8000",
    "name": "localhost:8000"
  }
},
{
  "model": "captcha.captchastore",
  "pk": 82,
  "fields": {
    "challenge": "PTJT",
    "response": "ptjt",
    "hashkey": "54cfa71c519328a09cb66eb54bb3d29de232e135",
    "expiration": "2024-04-18T04:10:29.499Z"
  }
},
{
  "model": "captcha.captchastore",
  "pk": 83,
  "fields": {
    "challenge": "XNKR",
    "response": "xnkr",
    "hashkey": "a9fb2acbee66be20c976f48fc47c9b1ff5eea861",
    "expiration": "2024-04-18T17:52:58.363Z"
  }
},
{
  "model": "captcha.captchastore",
  "pk": 84,
  "fields": {
    "challenge": "THZG",
    "response": "thzg",
    "hashkey": "7b35260e258978d86dd2e9824cb2ef5563c578ae",
    "expiration": "2024-04-19T07:52:00.260Z"
  }
},
{
  "model": "captcha.captchastore",
  "pk": 85,
  "fields": {
    "challenge": "IYSK",
    "response": "iysk",
    "hashkey": "62108877eabd696f53fa68b8ff612adf6f91e67f",
    "expiration": "2024-04-19T07:52:37.839Z"
  }
},
{
  "model": "captcha.captchastore",
  "pk": 86,
  "fields": {
    "challenge": "URTJ",
    "response": "urtj",
    "hashkey": "d5350b2cf3be85fdb1c422c857cc82c53089c407",
    "expiration": "2024-04-19T07:54:04.949Z"
  }
},
{
  "model": "captcha.captchastore",
  "pk": 87,
  "fields": {
    "challenge": "OPMV",
    "response": "opmv",
    "hashkey": "4d2ee02518cd7601b1c951f5a3c33b38a41e0e4f",
    "expiration": "2024-04-19T07:55:50.462Z"
  }
},
{
  "model": "captcha.captchastore",
  "pk": 88,
  "fields": {
    "challenge": "NXRX",
    "response": "nxrx",
    "hashkey": "0db0575e5574b55d77e05552bd6e860a9266eeb4",
    "expiration": "2024-04-19T08:00:25.377Z"
  }
},
{
  "model": "captcha.captchastore",
  "pk": 89,
  "fields": {
    "challenge": "IACM",
    "response": "iacm",
    "hashkey": "a9b8bca3a5ecf811f8b6a4c81306c435408f330a",
    "expiration": "2024-04-19T08:00:55.081Z"
  }
},
{
  "model": "captcha.captchastore",
  "pk": 90,
  "fields": {
    "challenge": "CHWE",
    "response": "chwe",
    "hashkey": "7a7f10749cd89c2009708bfd4f776a2d6a38049d",
    "expiration": "2024-04-19T08:01:39.332Z"
  }
},
{
  "model": "captcha.captchastore",
  "pk": 91,
  "fields": {
    "challenge": "FPKX",
    "response": "fpkx",
    "hashkey": "672f7de1e8123c12048933cf6a4a1ca37eb319b2",
    "expiration": "2024-04-19T08:03:30.079Z"
  }
},
{
  "model": "captcha.captchastore",
  "pk": 92,
  "fields": {
    "challenge": "SXPJ",
    "response": "sxpj",
    "hashkey": "2c7b790df9d28bd53146ba866ac0198f8e22ab98",
    "expiration": "2024-04-19T08:03:33.844Z"
  }
},
{
  "model": "captcha.captchastore",
  "pk": 93,
  "fields": {
    "challenge": "YKTZ",
    "response": "yktz",
    "hashkey": "acadc3c126bf6ca56a29bd699a3ed22a2ab599c9",
    "expiration": "2024-04-19T08:05:51.233Z"
  }
},
{
  "model": "captcha.captchastore",
  "pk": 94,
  "fields": {
    "challenge": "IVPF",
    "response": "ivpf",
    "hashkey": "cd8affd19ed12e9a59f03b81310029672430e986",
    "expiration": "2024-04-19T08:05:54.490Z"
  }
},
{
  "model": "captcha.captchastore",
  "pk": 95,
  "fields": {
    "challenge": "BDOV",
    "response": "bdov",
    "hashkey": "ccdc6b26958e96019e651522b03e4612b53a7548",
    "expiration": "2024-04-19T08:06:26.570Z"
  }
},
{
  "model": "captcha.captchastore",
  "pk": 96,
  "fields": {
    "challenge": "DQCB",
    "response": "dqcb",
    "hashkey": "a5d84dfbb72eca7580c5edf2fe19cb394c31dd59",
    "expiration": "2024-04-19T08:06:59.285Z"
  }
},
{
  "model": "captcha.captchastore",
  "pk": 97,
  "fields": {
    "challenge": "SRVP",
    "response": "srvp",
    "hashkey": "f4bb6dec498e8292ff851e905758c247c971360e",
    "expiration": "2024-04-19T08:09:01.022Z"
  }
},
{
  "model": "captcha.captchastore",
  "pk": 98,
  "fields": {
    "challenge": "YZBL",
    "response": "yzbl",
    "hashkey": "827717b375e2b01ecaa4ebb5806780408e20cd44",
    "expiration": "2024-04-20T01:37:05.579Z"
  }
},
{
  "model": "captcha.captchastore",
  "pk": 99,
  "fields": {
    "challenge": "YIDI",
    "response": "yidi",
    "hashkey": "ce5eae395e4543ec3af5099d9e937cc2a0e57a78",
    "expiration": "2024-04-20T02:15:56.251Z"
  }
},
{
  "model": "captcha.captchastore",
  "pk": 100,
  "fields": {
    "challenge": "KAXZ",
    "response": "kaxz",
    "hashkey": "276a758a3f1ada3f21c194296917ca7545a8024c",
    "expiration": "2024-04-20T02:18:51.715Z"
  }
},
{
  "model": "captcha.captchastore",
  "pk": 101,
  "fields": {
    "challenge": "YPWE",
    "response": "ypwe",
    "hashkey": "3dc8b5f45891c173e74eff29d8ceb25e627fa3a4",
    "expiration": "2024-04-20T02:43:26.486Z"
  }
},
{
  "model": "captcha.captchastore",
  "pk": 102,
  "fields": {
    "challenge": "LWDG",
    "response": "lwdg",
    "hashkey": "1c62fb283581c880cc0ae4e3fd7623f17efb67c1",
    "expiration": "2024-04-20T02:54:49.293Z"
  }
},
{
  "model": "captcha.captchastore",
  "pk": 103,
  "fields": {
    "challenge": "MLRX",
    "response": "mlrx",
    "hashkey": "0576e287d1d5c59c5d2a1ed5160120e847c77e99",
    "expiration": "2024-04-20T03:45:54.460Z"
  }
},
{
  "model": "captcha.captchastore",
  "pk": 104,
  "fields": {
    "challenge": "CMHC",
    "response": "cmhc",
    "hashkey": "7488b35a1ec4fd0ed869ffde9d086fce24d85bde",
    "expiration": "2024-04-22T20:34:22.105Z"
  }
},
{
  "model": "captcha.captchastore",
  "pk": 105,
  "fields": {
    "challenge": "ZNFO",
    "response": "znfo",
    "hashkey": "a99810e357f80f3cf913490192993a7930248084",
    "expiration": "2024-04-23T04:46:43.169Z"
  }
},
{
  "model": "captcha.captchastore",
  "pk": 106,
  "fields": {
    "challenge": "AZAO",
    "response": "azao",
    "hashkey": "c4da4eeb82a87923f005a105790d1a4479861736",
    "expiration": "2024-04-24T13:29:37.593Z"
  }
},
{
  "model": "social_django.usersocialauth",
  "pk": 1,
  "fields": {
    "user": 8,
    "provider": "google-oauth2",
    "uid": "sv444444@gmail.com",
    "extra_data": {
      "expires": 3599,
      "auth_time": 1713578653,
      "token_type": "Bearer",
      "access_token": "ya29.a0Ad52N3-1sDuHnVOwOJqjFm1nuv-_UHqAZEZGUT_kJ4ltuHP0TYrMgA6Fnm2-MUFkEPqP_ACFMm_RnlWHoT0yanB24xtPfXJKz_d7cZiCQsCNFNBIniSMI1b1FYHAvrrESpLhyYLJ8VxcgsIC8IwR0rR7dvd8xNEAC6eSaCgYKAVESARESFQHGX2MigH7Kb-8GrW2X0WXOeVVFCg0171"
    },
    "created": "2024-03-24T19:46:51.955Z",
    "modified": "2024-04-20T02:04:13.592Z"
  }
},
{
  "model": "redisboard.redisserver",
  "pk": 1,
  "fields": {
    "label": "redis",
    "url": "redis://localhost:6379/0",
    "password": null
  }
},
{
  "model": "shop.categorytranslation",
  "pk": 1,
  "fields": {
    "language_code": "en",
    "name": "Florariums",
    "slug": "florariums",
    "master": 1
  }
},
{
  "model": "shop.categorytranslation",
  "pk": 2,
  "fields": {
    "language_code": "ru",
    "name": "Флорарумы",
    "slug": "florariums_ru",
    "master": 1
  }
},
{
  "model": "shop.categorytranslation",
  "pk": 3,
  "fields": {
    "language_code": "es",
    "name": "Florarios",
    "slug": "florarios",
    "master": 1
  }
},
{
  "model": "shop.categorytranslation",
  "pk": 4,
  "fields": {
    "language_code": "ru",
    "name": "Гименей",
    "slug": "gimenej_ru",
    "master": 2
  }
},
{
  "model": "shop.categorytranslation",
  "pk": 5,
  "fields": {
    "language_code": "en",
    "name": "Hymen",
    "slug": "hymen",
    "master": 2
  }
},
{
  "model": "shop.categorytranslation",
  "pk": 6,
  "fields": {
    "language_code": "es",
    "name": "Himen",
    "slug": "himen",
    "master": 2
  }
},
{
  "model": "shop.categorytranslation",
  "pk": 7,
  "fields": {
    "language_code": "ru",
    "name": "Приложения",
    "slug": "prilozheniya",
    "master": 3
  }
},
{
  "model": "shop.categorytranslation",
  "pk": 8,
  "fields": {
    "language_code": "en",
    "name": "Applications",
    "slug": "applications",
    "master": 3
  }
},
{
  "model": "shop.categorytranslation",
  "pk": 9,
  "fields": {
    "language_code": "es",
    "name": "Applications",
    "slug": "applications_es",
    "master": 3
  }
},
{
  "model": "shop.category",
  "pk": 1,
  "fields": {}
},
{
  "model": "shop.category",
  "pk": 2,
  "fields": {}
},
{
  "model": "shop.category",
  "pk": 3,
  "fields": {}
},
{
  "model": "shop.producttranslation",
  "pk": 1,
  "fields": {
    "language_code": "ru",
    "name": "Амбер",
    "slug": "amber_ru",
    "description": "Шенгенская виза, в первом приближении, вероятна. Центральная площадь, куда входят Пик-Дистрикт, Сноудония и другие многочисленные национальные резерваты природы и парки, текстологически иллюстрирует альбатрос. На коротко подстриженной траве можно сидеть и лежать, но кукуруза абсурдно выбирает уличный Бенгальский залив. Кампос-серрадос начинает языковой утконос. Море непрерывно.",
    "master": 1
  }
},
{
  "model": "shop.producttranslation",
  "pk": 2,
  "fields": {
    "language_code": "en",
    "name": "Amber",
    "slug": "amber",
    "description": "A Schengen visa, as a first approximation, is likely. The central area, which includes the Peak District, Snowdonia and numerous other national nature reserves and parks, is textologically illustrated by the albatross. You can sit and lie on the short-cut grass, but the corn absurdly chooses the outdoor Bay of Bengal. Campos Cerrados begins the tongue platypus. The sea is continuous.",
    "master": 1
  }
},
{
  "model": "shop.producttranslation",
  "pk": 3,
  "fields": {
    "language_code": "es",
    "name": "Amber",
    "slug": "amber_es",
    "description": "Como primera aproximación, es probable que se consiga un visado Schengen. El área central, que incluye Peak District, Snowdonia y muchas otras reservas y parques naturales nacionales, está ilustrada textológicamente por el albatros. Puedes sentarte y tumbarte en el césped corto, pero el maíz elige absurdamente la Bahía de Bengala al aire libre. Campos Cerrados comienza la lengua ornitorrinco. El mar es continuo.",
    "master": 1
  }
},
{
  "model": "shop.producttranslation",
  "pk": 4,
  "fields": {
    "language_code": "en",
    "name": "Regnum",
    "slug": "regnum",
    "description": "Mackerel attracts tourist duty-free import of goods and objects within the limits of personal needs, and the meat is served with gravy, baked vegetables and pickles. The British prefer oatmeal and cornflakes for breakfast, but the bicameral parliament nevertheless illustrates the symbolic center of modern London. The vegetation exceeds the landscape park and it is a world-famous diamond cutting and trading center.",
    "master": 2
  }
},
{
  "model": "shop.producttranslation",
  "pk": 5,
  "fields": {
    "language_code": "ru",
    "name": "Регнум",
    "slug": "regnum_ru",
    "description": "Скумбрия притягивает туристический беспошлинный ввоз вещей и предметов в пределах личной потребности, а к мясу подают подливку, запеченные овощи и пикули. На завтрак англичане предпочитают овсяную кашу и кукурузные хлопья, тем не менее двухпалатный парламент иллюстрирует символический центр современного Лондона. Растительность превышает пейзажный парк, это и есть всемирно известный центр огранки алмазов и торговли бриллиантами.",
    "master": 2
  }
},
{
  "model": "shop.producttranslation",
  "pk": 6,
  "fields": {
    "language_code": "es",
    "name": "Regnum",
    "slug": "regnum_es",
    "description": "La caballa atrae a los turistas a la importación libre de impuestos de bienes y objetos dentro de los límites de las necesidades personales, y la carne se sirve con salsa, verduras al horno y encurtidos. Los británicos prefieren avena y copos de maíz para el desayuno, pero el parlamento bicameral ilustra el centro simbólico del Londres moderno. La vegetación supera el parque paisajístico y es un centro mundialmente famoso de corte y comercio de diamantes.",
    "master": 2
  }
},
{
  "model": "shop.producttranslation",
  "pk": 7,
  "fields": {
    "language_code": "en",
    "name": "Omega",
    "slug": "omega",
    "description": "Fishing raises the sub-equatorial climate, but keep in mind that tips should be agreed in advance, as they can vary greatly between establishments. Altitude zones are available. Caledonian folding exceeds sanitary and veterinary control; Blumenwerk, Rosencant and Toveressestik laces are especially popular.",
    "master": 3
  }
},
{
  "model": "shop.producttranslation",
  "pk": 8,
  "fields": {
    "language_code": "ru",
    "name": "Омега",
    "slug": "omega_ru",
    "description": "Рыболовство поднимает субэкваториальный климат, при этом имейте в виду, что чаевые следует оговаривать заранее, так как в разных заведениях они могут сильно различаться. Высотная поясность доступна. Каледонская складчатость превышает санитарный и ветеринарный контроль, особой популярностью пользуются кружева \"блюменверк\", \"розенкант\" и \"товерессестик\".",
    "master": 3
  }
},
{
  "model": "shop.producttranslation",
  "pk": 9,
  "fields": {
    "language_code": "es",
    "name": "Omega",
    "slug": "omega_es",
    "description": "La pesca aumenta el clima subecuatorial, pero ten en cuenta que las propinas deben acordarse con antelación, ya que pueden variar mucho entre establecimientos. Las zonas de altitud están disponibles. Los cordones de Caledonia superan el control sanitario y veterinario; los cordones Blumenwerk, Rosencant y Toveressestik son especialmente populares.",
    "master": 3
  }
},
{
  "model": "shop.producttranslation",
  "pk": 10,
  "fields": {
    "language_code": "en",
    "name": "Kidwill",
    "slug": "kidwill",
    "description": "The brand is developing an exhibition stand. Consumption most fully determines the rating. The initial stage of research involves the market research method. The change in global strategy deliberately balances the popular placement plan, drawing on the experience of previous campaigns.",
    "master": 4
  }
},
{
  "model": "shop.producttranslation",
  "pk": 11,
  "fields": {
    "language_code": "ru",
    "name": "Кидвилл",
    "slug": "kidvill_ru",
    "description": "The brand is developing an exhibition stand. Consumption most fully determines the rating. The initial stage of research involves the market research method. The change in global strategy deliberately balances the popular placement plan, drawing on the experience of previous campaigns.",
    "master": 4
  }
},
{
  "model": "shop.producttranslation",
  "pk": 12,
  "fields": {
    "language_code": "es",
    "name": "Kidville",
    "slug": "kidville",
    "description": "La marca está desarrollando un stand de exposición. El consumo determina más plenamente la calificación. La etapa inicial de la investigación implica el método de investigación de mercado. El cambio de estrategia global equilibra deliberadamente el plan de colocación popular, basándose en la experiencia de campañas anteriores.",
    "master": 4
  }
},
{
  "model": "shop.product",
  "pk": 1,
  "fields": {
    "category": 2,
    "image": "products/2024/04/23/FullSizeRender10.jpg",
    "price": "5000.00",
    "available": true,
    "created": "2024-04-17T05:44:35.140Z",
    "updated": "2024-04-23T03:59:59.389Z"
  }
},
{
  "model": "shop.product",
  "pk": 2,
  "fields": {
    "category": 1,
    "image": "products/2024/04/23/Снимок_экрана_2024-04-23_в_06.56.29.png",
    "price": "2400.00",
    "available": true,
    "created": "2024-04-17T20:04:34.027Z",
    "updated": "2024-04-23T03:57:30.827Z"
  }
},
{
  "model": "shop.product",
  "pk": 3,
  "fields": {
    "category": 2,
    "image": "products/2024/04/23/FullSizeRender.jpg",
    "price": "3100.00",
    "available": true,
    "created": "2024-04-17T20:08:00.591Z",
    "updated": "2024-04-23T04:05:46.085Z"
  }
},
{
  "model": "shop.product",
  "pk": 4,
  "fields": {
    "category": 3,
    "image": "products/2024/04/17/Кидвилл_zLLspsb.png",
    "price": "3850.00",
    "available": true,
    "created": "2024-04-17T20:10:56.262Z",
    "updated": "2024-04-17T20:12:57.923Z"
  }
},
{
  "model": "orders.order",
  "pk": 1,
  "fields": {
    "first_name": "usertest",
    "last_name": "usertest",
    "email": "lemon.design@mail.ru",
    "address": "Водоносная 110",
    "postal_code": "33333",
    "city": "Москва",
    "created": "2024-04-17T20:27:06.155Z",
    "updated": "2024-04-17T20:28:34.335Z",
    "paid": true,
    "stripe_id": "pi_3P6f5kP21hgowpHE0ZLyeMKk",
    "coupon": 1,
    "discount": 10
  }
},
{
  "model": "orders.order",
  "pk": 2,
  "fields": {
    "first_name": "usertest",
    "last_name": "usertest",
    "email": "lemon.design@mail.ru",
    "address": "Водоносная 110",
    "postal_code": "33333",
    "city": "Москва",
    "created": "2024-04-17T20:42:52.567Z",
    "updated": "2024-04-17T20:44:02.598Z",
    "paid": true,
    "stripe_id": "pi_3P6fKkP21hgowpHE0UY7Cmd1",
    "coupon": 1,
    "discount": 10
  }
},
{
  "model": "orders.order",
  "pk": 3,
  "fields": {
    "first_name": "usertest",
    "last_name": "usertest",
    "email": "lemon.design@mail.ru",
    "address": "Водоносная 110",
    "postal_code": "33333",
    "city": "Москва",
    "created": "2024-04-18T02:10:16.940Z",
    "updated": "2024-04-18T02:11:22.221Z",
    "paid": true,
    "stripe_id": "pi_3P6kRWP21hgowpHE1srid1f8",
    "coupon": 1,
    "discount": 10
  }
},
{
  "model": "orders.orderitem",
  "pk": 1,
  "fields": {
    "order": 1,
    "product": 1,
    "price": "5000.00",
    "quantity": 1
  }
},
{
  "model": "orders.orderitem",
  "pk": 2,
  "fields": {
    "order": 1,
    "product": 4,
    "price": "3850.00",
    "quantity": 2
  }
},
{
  "model": "orders.orderitem",
  "pk": 3,
  "fields": {
    "order": 2,
    "product": 3,
    "price": "3100.00",
    "quantity": 1
  }
},
{
  "model": "orders.orderitem",
  "pk": 4,
  "fields": {
    "order": 3,
    "product": 3,
    "price": "3100.00",
    "quantity": 2
  }
},
{
  "model": "orders.orderitem",
  "pk": 5,
  "fields": {
    "order": 3,
    "product": 2,
    "price": "2400.00",
    "quantity": 1
  }
},
{
  "model": "orders.orderitem",
  "pk": 6,
  "fields": {
    "order": 3,
    "product": 4,
    "price": "3850.00",
    "quantity": 1
  }
},
{
  "model": "coupons.coupon",
  "pk": 1,
  "fields": {
    "code": "SUMMER",
    "valid_from": "2024-04-17T20:14:51Z",
    "valid_to": "2024-07-17T20:14:55Z",
    "discount": 10,
    "active": true
  }
},
{
  "model": "images.image",
  "pk": 3,
  "fields": {
    "user": 1,
    "title": "Wikimedia Commons",
    "slug": "wikimedia-commons",
    "url": "https://upload.wikimedia.org/wikipedia/commons/thumb/b/bb/Flussregenpfeifer_im_flachen_Wasser_01.jpg/500px-Flussregenpfeifer_im_flachen_Wasser_01.jpg",
    "image": "images/2024/04/19/wikimedia-commons_joRNw30.jpg",
    "description": "Однако Л.В.Щерба утверждал, что тавтология осознаёт былинный возврат к стереотипам. Иными словами, полисемия последовательно иллюстрирует возврат к стереотипам. Комбинаторное приращение отражает литературный символ. Эвокация точно просветляет генезис свободного стиха, именно поэтому голос автора романа не имеет никаких преимуществ перед голосами персонажей. Симулякр приводит лирический субъект.",
    "created": "2024-04-19",
    "total_likes": 3,
    "users_like": [
      1,
      3,
      2
    ]
  }
},
{
  "model": "images.image",
  "pk": 4,
  "fields": {
    "user": 3,
    "title": "Большие фото Изображения – скачать бесплатно на Freepik",
    "slug": "bolshie-foto-izobrazheniya-skachat-besplatno-na-freepik",
    "url": "https://freepik.cdnpk.net/img/banner/microfunnel-flaticon.png",
    "image": "images/2024/04/19/bolshie-foto-izobrazheniya-skachat-besplatno-na-freepik.jpg",
    "description": "Лирика интегрирует поэтический композиционный анализ. Холодный цинизм, как бы это ни казалось парадоксальным, аллитерирует амфибрахий. Линеаризация мышления, соприкоснувшись в чем-то со своим главным антагонистом в постструктурной поэтике, аннигилирует метаязык.",
    "created": "2024-04-19",
    "total_likes": 4,
    "users_like": [
      3,
      1,
      2,
      6
    ]
  }
},
{
  "model": "images.image",
  "pk": 5,
  "fields": {
    "user": 3,
    "title": "Печенье",
    "slug": "pechene",
    "url": "https://freepik.cdnpk.net/img/autopromo/adobe/mobile.png",
    "image": "images/2024/04/19/pechene.jpg",
    "description": "Эвокация точно просветляет генезис свободного стиха, именно поэтому голос автора романа не имеет никаких преимуществ перед голосами персонажей. Симулякр приводит лирический субъект.",
    "created": "2024-04-19",
    "total_likes": 3,
    "users_like": [
      3,
      1,
      4
    ]
  }
},
{
  "model": "images.image",
  "pk": 6,
  "fields": {
    "user": 2,
    "title": "Книжная полка",
    "slug": "knizhnaya-polka",
    "url": "https://freepik.cdnpk.net/img/autopromo/wepik/left.png",
    "image": "images/2024/04/19/knizhnaya-polka.jpg",
    "description": "Лирика интегрирует поэтический композиционный анализ. Холодный цинизм, как бы это ни казалось парадоксальным, аллитерирует амфибрахий. Линеаризация мышления, соприкоснувшис",
    "created": "2024-04-19",
    "total_likes": 4,
    "users_like": [
      3,
      2,
      7,
      4
    ]
  }
},
{
  "model": "images.image",
  "pk": 7,
  "fields": {
    "user": 2,
    "title": "14 удачных примеров использования больших изображений в дизайне",
    "slug": "14-udachnyh-primerov-ispolzovaniya-bolshih-izobrazhenij-v-dizajne",
    "url": "https://idbi.ru/files/1/7277/9157741/original/4_ca16275bc3054fb4e8dd7281d0c029ed.png",
    "image": "images/2024/04/19/14-udachnyh-primerov-ispolzovaniya-bolshih-izobrazhenij-v-dizajne.jpg",
    "description": "Метаязык аннигилирует резкий скрытый смысл. Комбинаторное приращение начинает символ. Абстрактное высказывание, без использования формальных признаков поэзии, последовательно.",
    "created": "2024-04-19",
    "total_likes": 5,
    "users_like": [
      2,
      7,
      4,
      6,
      3
    ]
  }
},
{
  "model": "images.image",
  "pk": 8,
  "fields": {
    "user": 2,
    "title": "собор",
    "slug": "sobor",
    "url": "https://idbi.ru/files/1/7233/9157697/original/01.png",
    "image": "images/2024/04/19/sobor.jpg",
    "description": "И.Гальперин, многопланово интегрирует анжамбеман. Слово, основываясь на парадоксальном совмещении исключающих друг друга принципов характерности и поэтичности, нивелирует прозаический акцент",
    "created": "2024-04-19",
    "total_likes": 1,
    "users_like": [
      2
    ]
  }
},
{
  "model": "images.image",
  "pk": 9,
  "fields": {
    "user": 2,
    "title": "Большие фото Изображения – скачать бесплатно на Freepik",
    "slug": "bolshie-foto-izobrazheniya-skachat-besplatno-na-freepik",
    "url": "https://freepik.cdnpk.net/img/autopromo/pinterest/left.png",
    "image": "images/2024/04/19/bolshie-foto-izobrazheniya-skachat-besplatno-na-freepik_Nd7UPEd.jpg",
    "description": "mmmm",
    "created": "2024-04-19",
    "total_likes": 1,
    "users_like": [
      2
    ]
  }
},
{
  "model": "images.image",
  "pk": 10,
  "fields": {
    "user": 2,
    "title": "Большие фото Изображения – скачать бесплатно на Freepik",
    "slug": "bolshie-foto-izobrazheniya-skachat-besplatno-na-freepik",
    "url": "https://freepik.cdnpk.net/img/autopromo/pinterest/right.png",
    "image": "images/2024/04/19/bolshie-foto-izobrazheniya-skachat-besplatno-na-freepik_61x5HK3.jpg",
    "description": "Метаязык аннигилирует резкий скрытый смысл. Комбинаторное приращение начинает символ. Абстрактное высказывание, без использования формальных признаков поэзии, последовательно.",
    "created": "2024-04-19",
    "total_likes": 1,
    "users_like": [
      7
    ]
  }
},
{
  "model": "images.image",
  "pk": 11,
  "fields": {
    "user": 2,
    "title": "14 удачных примеров использования больших изображений в дизайне",
    "slug": "14-udachnyh-primerov-ispolzovaniya-bolshih-izobrazhenij-v-dizajne",
    "url": "https://idbi.ru/assets_old/images/idbi-img-2.jpg",
    "image": "images/2024/04/19/14-udachnyh-primerov-ispolzovaniya-bolshih-izobrazhenij-v-dizajne_8QYR4Bn.jpg",
    "description": "ззз",
    "created": "2024-04-19",
    "total_likes": 0,
    "users_like": []
  }
},
{
  "model": "images.image",
  "pk": 12,
  "fields": {
    "user": 1,
    "title": "14 удачных примеров использования больших изображений в дизайне",
    "slug": "14-udachnyh-primerov-ispolzovaniya-bolshih-izobrazhenij-v-dizajne",
    "url": "https://idbi.ru/files/1/7243/9157707/original/02.png",
    "image": "images/2024/04/19/14-udachnyh-primerov-ispolzovaniya-bolshih-izobrazhenij-v-dizajne_FaLfsxj.jpg",
    "description": "uuu",
    "created": "2024-04-19",
    "total_likes": 4,
    "users_like": [
      1,
      7,
      4,
      6
    ]
  }
},
{
  "model": "images.image",
  "pk": 16,
  "fields": {
    "user": 1,
    "title": "Где взять стоковые фотографии бесплатно: 15 лучших фотобанков",
    "slug": "gde-vzyat-stokovye-fotografii-besplatno-15-luchshih-fotobankov",
    "url": "https://timeweb.com/ru/community/article/15/15d1c7d25e936e26523a725e00d64905.jpeg",
    "image": "images/2024/04/20/gde-vzyat-stokovye-fotografii-besplatno-15-luchshih-fotobankov_GkNkZPe.jpg",
    "description": "цц",
    "created": "2024-04-20",
    "total_likes": 2,
    "users_like": [
      1,
      7
    ]
  }
},
{
  "model": "images.image",
  "pk": 17,
  "fields": {
    "user": 1,
    "title": "Где взять стоковые фотографии бесплатно: 15 лучших фотобанков",
    "slug": "gde-vzyat-stokovye-fotografii-besplatno-15-luchshih-fotobankov",
    "url": "https://timeweb.com/media/default/0001/01/4e53f57f96a49d91d9f55a9b0d59c6d53d5f4f5c.jpeg",
    "image": "images/2024/04/20/gde-vzyat-stokovye-fotografii-besplatno-15-luchshih-fotobankov_8v63JGm.jpg",
    "description": "тт",
    "created": "2024-04-20",
    "total_likes": 2,
    "users_like": [
      4,
      1
    ]
  }
},
{
  "model": "images.image",
  "pk": 18,
  "fields": {
    "user": 7,
    "title": "Где взять стоковые фотографии бесплатно: 15 лучших фотобанков",
    "slug": "gde-vzyat-stokovye-fotografii-besplatno-15-luchshih-fotobankov",
    "url": "https://timeweb.com/media/default/0001/01/2e670d03ca2238a83e6c4409b4a93447ccd88122.jpeg",
    "image": "images/2024/04/20/gde-vzyat-stokovye-fotografii-besplatno-15-luchshih-fotobankov_bdlnciq.jpg",
    "description": "лл",
    "created": "2024-04-20",
    "total_likes": 3,
    "users_like": [
      7,
      4,
      6
    ]
  }
},
{
  "model": "images.image",
  "pk": 19,
  "fields": {
    "user": 4,
    "title": "Где взять стоковые фотографии бесплатно: 15 лучших фотобанков",
    "slug": "gde-vzyat-stokovye-fotografii-besplatno-15-luchshih-fotobankov",
    "url": "https://timeweb.com/media/default/0001/01/c6702eedabfb74714eaedac504582241f5260be1.jpeg",
    "image": "images/2024/04/20/gde-vzyat-stokovye-fotografii-besplatno-15-luchshih-fotobankov_U0WMekL.jpg",
    "description": "ии",
    "created": "2024-04-20",
    "total_likes": 2,
    "users_like": [
      4,
      1
    ]
  }
},
{
  "model": "images.image",
  "pk": 20,
  "fields": {
    "user": 4,
    "title": "Где взять стоковые фотографии бесплатно: 15 лучших фотобанков",
    "slug": "gde-vzyat-stokovye-fotografii-besplatno-15-luchshih-fotobankov",
    "url": "https://timeweb.com/ru/community/topic/f4/f487ed017387a0343db4f170c3a07f7f.jpg",
    "image": "images/2024/04/20/gde-vzyat-stokovye-fotografii-besplatno-15-luchshih-fotobankov_IFlQLhu.jpg",
    "description": "ьти",
    "created": "2024-04-20",
    "total_likes": 3,
    "users_like": [
      4,
      6,
      1
    ]
  }
},
{
  "model": "images.image",
  "pk": 21,
  "fields": {
    "user": 6,
    "title": "Где взять стоковые фотографии бесплатно: 15 лучших фотобанков",
    "slug": "gde-vzyat-stokovye-fotografii-besplatno-15-luchshih-fotobankov",
    "url": "https://timeweb.com/ru/community/article/bf/bf478f8bbc366d112c5968e52ebf6b05_thumb.jpg",
    "image": "images/2024/04/20/gde-vzyat-stokovye-fotografii-besplatno-15-luchshih-fotobankov_qJ7lF85.jpg",
    "description": "lkjkj",
    "created": "2024-04-20",
    "total_likes": 1,
    "users_like": [
      1
    ]
  }
},
{
  "model": "images.image",
  "pk": 22,
  "fields": {
    "user": 6,
    "title": "Где взять стоковые фотографии бесплатно: 15 лучших фотобанков",
    "slug": "gde-vzyat-stokovye-fotografii-besplatno-15-luchshih-fotobankov",
    "url": "https://timeweb.com/ru/community/article/d9/d9cfb4c2e7605d75918034735142c8b6_thumb.jpg",
    "image": "images/2024/04/20/gde-vzyat-stokovye-fotografii-besplatno-15-luchshih-fotobankov_xC2P4qw.jpg",
    "description": "nbvn",
    "created": "2024-04-20",
    "total_likes": 1,
    "users_like": [
      1
    ]
  }
},
{
  "model": "images.image",
  "pk": 23,
  "fields": {
    "user": 6,
    "title": "Где взять стоковые фотографии бесплатно: 15 лучших фотобанков",
    "slug": "gde-vzyat-stokovye-fotografii-besplatno-15-luchshih-fotobankov",
    "url": "https://timeweb.com/ru/community/article/be/bed65364db1c1c3298dfba0216969d34_thumb.jpg",
    "image": "images/2024/04/20/gde-vzyat-stokovye-fotografii-besplatno-15-luchshih-fotobankov_gyZow6w.jpg",
    "description": "llll",
    "created": "2024-04-20",
    "total_likes": 1,
    "users_like": [
      1
    ]
  }
},
{
  "model": "images.image",
  "pk": 24,
  "fields": {
    "user": 1,
    "title": "Где взять стоковые фотографии бесплатно: 15 лучших фотобанков",
    "slug": "gde-vzyat-stokovye-fotografii-besplatno-15-luchshih-fotobankov",
    "url": "https://timeweb.com/media/default/0001/01/9176feb7486764c8dea27c9a72e8b4bb6e47f69f.jpeg",
    "image": "images/2024/04/20/gde-vzyat-stokovye-fotografii-besplatno-15-luchshih-fotobankov_dI70X5k.jpg",
    "description": "bbb",
    "created": "2024-04-20",
    "total_likes": 0,
    "users_like": []
  }
},
{
  "model": "images.image",
  "pk": 25,
  "fields": {
    "user": 1,
    "title": "Печать больших фото онлайн с доставкой в Жешарте",
    "slug": "pechat-bolshih-foto-onlajn-s-dostavkoj-v-zhesharte",
    "url": "https://multifoto.ru/upload/iblock/9f3/avrcgcczj07b9ki5xiycld8ckodd18ku.jpg",
    "image": "images/2024/04/20/pechat-bolshih-foto-onlajn-s-dostavkoj-v-zhesharte_ABNjaWe.jpg",
    "description": "bbb",
    "created": "2024-04-20",
    "total_likes": 0,
    "users_like": []
  }
},
{
  "model": "images.image",
  "pk": 26,
  "fields": {
    "user": 1,
    "title": "Django and Duke",
    "slug": "django-and-duke",
    "url": "https://upload.wikimedia.org/wikipedia/commons/8/85/Django_Reinhardt_and_Duke_Ellington_(Gottlieb).jpg",
    "image": "images/2024/04/22/django-and-duke_R1DyHiN.jpg",
    "description": "Мелькание мыслей диссонирует конкретный амфибрахий.",
    "created": "2024-04-22",
    "total_likes": 2,
    "users_like": [
      4,
      3
    ]
  }
},
{
  "model": "images.image",
  "pk": 27,
  "fields": {
    "user": 1,
    "title": "Amazon.com. Spend less. Smile more.",
    "slug": "amazoncom-spend-less-smile-more",
    "url": "https://images-na.ssl-images-amazon.com/images/G/01/US-hq/2023/img/Consumer_Electronics/XCM_CUTTLE_1546843_2940864_379x304_1X_en_US._SY304_CB613273467_.jpg",
    "image": "images/2024/04/22/amazoncom-spend-less-smile-more_9wBgKFL.jpg",
    "description": "vvv",
    "created": "2024-04-22",
    "total_likes": 1,
    "users_like": [
      4
    ]
  }
},
{
  "model": "images.image",
  "pk": 28,
  "fields": {
    "user": 1,
    "title": "Amazon.com. Spend less. Smile more.",
    "slug": "amazoncom-spend-less-smile-more",
    "url": "https://images-na.ssl-images-amazon.com/images/G/01/AmazonExports/Events/2023/EBF23/Fuji_Desktop_Single_image_EBF_1x_v10._SY304_CB573698005_.jpg",
    "image": "images/2024/04/22/amazoncom-spend-less-smile-more_piZzxUJ.jpg",
    "description": "nnn",
    "created": "2024-04-22",
    "total_likes": 1,
    "users_like": [
      4
    ]
  }
},
{
  "model": "images.image",
  "pk": 29,
  "fields": {
    "user": 4,
    "title": "Amazon.com. Spend less. Smile more.",
    "slug": "amazoncom-spend-less-smile-more",
    "url": "https://images-na.ssl-images-amazon.com/images/G/01/US-hq/2023/img/Consumer_Electronics/XCM_CUTTLE_1622892_3373436_379x304_1X_en_US._SY304_CB597161294_.jpg",
    "image": "images/2024/04/22/amazoncom-spend-less-smile-more_ie9YH4f.jpg",
    "description": "bbbb",
    "created": "2024-04-22",
    "total_likes": 1,
    "users_like": [
      5
    ]
  }
},
{
  "model": "images.image",
  "pk": 30,
  "fields": {
    "user": 4,
    "title": "10 сервисов с картинками для презентаций. Где качать изображения, иконки и мемы",
    "slug": "10-servisov-s-kartinkami-dlya-prezentacij-gde-kachat-izobrazheniya-ikonki-i-memy",
    "url": "https://www.unisender.com/ru/blog/wp-content/themes/uniblog/assets/img/banner_1/sova.png",
    "image": "images/2024/04/22/10-servisov-s-kartinkami-dlya-prezentacij-gde-kachat-izobrazheniya-iko_wxa3ykK.jpg",
    "description": "сссс",
    "created": "2024-04-22",
    "total_likes": 0,
    "users_like": []
  }
},
{
  "model": "images.image",
  "pk": 31,
  "fields": {
    "user": 4,
    "title": "10 252 672 рез. по запросу «Презентация» — изображения, стоковые фотографии, трехмерные объекты и векторная графика | Shutterstock",
    "slug": "10-252-672-rez-po-zaprosu-prezentaciya-izobrazheniya-stokovye-fotografii-trehmernye-obekty-i-vektornaya-grafika-shutterstock",
    "url": "https://www.shutterstock.com/image-photo/group-startuppers-working-on-pitch-600nw-2375942735.jpg",
    "image": "images/2024/04/22/10-252-672-rez-po-zaprosu-prezentaciya-izobrazheniya-stokovye-fotograf_0axIHQV.jpg",
    "description": "kjhkjh",
    "created": "2024-04-22",
    "total_likes": 1,
    "users_like": [
      4
    ]
  }
},
{
  "model": "images.image",
  "pk": 32,
  "fields": {
    "user": 6,
    "title": "7 бесплатных",
    "slug": "7-besplatnyh",
    "url": "https://mogut-vse.ru/ludy/images/slider/5c7smD2LNBQ.jpg",
    "image": "images/2024/04/22/7-besplatnyh_neVCnH8.jpg",
    "description": "итити",
    "created": "2024-04-22",
    "total_likes": 1,
    "users_like": [
      6
    ]
  }
},
{
  "model": "images.image",
  "pk": 33,
  "fields": {
    "user": 5,
    "title": "7 бесплатных фотосто",
    "slug": "7-besplatnyh-fotosto",
    "url": "https://mogut-vse.ru/ludy/images/slider/6gqZQX-8qO8.jpg",
    "image": "images/2024/04/22/7-besplatnyh-fotosto_jpb8Pgx.jpg",
    "description": "ьтиь",
    "created": "2024-04-22",
    "total_likes": 0,
    "users_like": []
  }
},
{
  "model": "images.image",
  "pk": 34,
  "fields": {
    "user": 5,
    "title": "Тесты",
    "slug": "testy",
    "url": "https://mogut-vse.ru/ludy/images/slider/0IsBiHvd70g.jpg",
    "image": "images/2024/04/22/testy_V1hgMil.jpg",
    "description": "бьтбьт",
    "created": "2024-04-22",
    "total_likes": 1,
    "users_like": [
      1
    ]
  }
},
{
  "model": "images.image",
  "pk": 35,
  "fields": {
    "user": 3,
    "title": "Bookmark an image",
    "slug": "bookmark-an-image",
    "url": "https://mogut-vse.ru/ludy/images/slider/D4j5NcKjssw.jpg",
    "image": "images/2024/04/22/bookmark-an-image_Zjni4WE.jpg",
    "description": "тьиьтиь",
    "created": "2024-04-22",
    "total_likes": 0,
    "users_like": []
  }
},
{
  "model": "actions.action",
  "pk": 1,
  "fields": {
    "user": 1,
    "verb": "bookmarked image",
    "created": "2024-04-19T05:43:04.324Z",
    "target_ct": 42,
    "target_id": 1
  }
},
{
  "model": "actions.action",
  "pk": 2,
  "fields": {
    "user": 1,
    "verb": "bookmarked image",
    "created": "2024-04-19T05:54:31.973Z",
    "target_ct": 42,
    "target_id": 2
  }
},
{
  "model": "actions.action",
  "pk": 3,
  "fields": {
    "user": 1,
    "verb": "bookmarked image",
    "created": "2024-04-19T06:10:55.723Z",
    "target_ct": 42,
    "target_id": 3
  }
},
{
  "model": "actions.action",
  "pk": 4,
  "fields": {
    "user": 1,
    "verb": "likes",
    "created": "2024-04-19T06:12:26.167Z",
    "target_ct": 42,
    "target_id": 1
  }
},
{
  "model": "actions.action",
  "pk": 5,
  "fields": {
    "user": 1,
    "verb": "likes",
    "created": "2024-04-19T06:12:44.610Z",
    "target_ct": 42,
    "target_id": 3
  }
},
{
  "model": "actions.action",
  "pk": 6,
  "fields": {
    "user": 3,
    "verb": "bookmarked image",
    "created": "2024-04-19T07:02:28.528Z",
    "target_ct": 42,
    "target_id": 4
  }
},
{
  "model": "actions.action",
  "pk": 7,
  "fields": {
    "user": 3,
    "verb": "likes",
    "created": "2024-04-19T07:05:41.054Z",
    "target_ct": 42,
    "target_id": 2
  }
},
{
  "model": "actions.action",
  "pk": 8,
  "fields": {
    "user": 3,
    "verb": "likes",
    "created": "2024-04-19T07:05:58.323Z",
    "target_ct": 42,
    "target_id": 3
  }
},
{
  "model": "actions.action",
  "pk": 9,
  "fields": {
    "user": 3,
    "verb": "likes",
    "created": "2024-04-19T07:41:39.189Z",
    "target_ct": 42,
    "target_id": 4
  }
},
{
  "model": "actions.action",
  "pk": 10,
  "fields": {
    "user": 3,
    "verb": "is following",
    "created": "2024-04-19T07:41:54.758Z",
    "target_ct": 12,
    "target_id": 1
  }
},
{
  "model": "actions.action",
  "pk": 11,
  "fields": {
    "user": 3,
    "verb": "likes",
    "created": "2024-04-19T07:42:12.779Z",
    "target_ct": 42,
    "target_id": 1
  }
},
{
  "model": "actions.action",
  "pk": 12,
  "fields": {
    "user": 3,
    "verb": "bookmarked image",
    "created": "2024-04-19T07:43:36.707Z",
    "target_ct": 42,
    "target_id": 5
  }
},
{
  "model": "actions.action",
  "pk": 13,
  "fields": {
    "user": 3,
    "verb": "likes",
    "created": "2024-04-19T07:43:47.379Z",
    "target_ct": 42,
    "target_id": 5
  }
},
{
  "model": "actions.action",
  "pk": 14,
  "fields": {
    "user": 1,
    "verb": "likes",
    "created": "2024-04-19T07:45:20.182Z",
    "target_ct": 42,
    "target_id": 5
  }
},
{
  "model": "actions.action",
  "pk": 15,
  "fields": {
    "user": 1,
    "verb": "likes",
    "created": "2024-04-19T07:45:28.975Z",
    "target_ct": 42,
    "target_id": 4
  }
},
{
  "model": "actions.action",
  "pk": 16,
  "fields": {
    "user": 1,
    "verb": "is following",
    "created": "2024-04-19T07:45:46.851Z",
    "target_ct": 12,
    "target_id": 3
  }
},
{
  "model": "actions.action",
  "pk": 17,
  "fields": {
    "user": 2,
    "verb": "bookmarked image",
    "created": "2024-04-19T08:05:47.675Z",
    "target_ct": 42,
    "target_id": 6
  }
},
{
  "model": "actions.action",
  "pk": 18,
  "fields": {
    "user": 2,
    "verb": "likes",
    "created": "2024-04-19T08:06:23.980Z",
    "target_ct": 42,
    "target_id": 4
  }
},
{
  "model": "actions.action",
  "pk": 19,
  "fields": {
    "user": 2,
    "verb": "likes",
    "created": "2024-04-19T08:06:38.416Z",
    "target_ct": 42,
    "target_id": 3
  }
},
{
  "model": "actions.action",
  "pk": 20,
  "fields": {
    "user": 2,
    "verb": "is following",
    "created": "2024-04-19T08:07:18.994Z",
    "target_ct": 12,
    "target_id": 1
  }
},
{
  "model": "actions.action",
  "pk": 21,
  "fields": {
    "user": 2,
    "verb": "is following",
    "created": "2024-04-19T08:09:40.356Z",
    "target_ct": 12,
    "target_id": 3
  }
},
{
  "model": "actions.action",
  "pk": 22,
  "fields": {
    "user": 3,
    "verb": "likes",
    "created": "2024-04-19T08:23:33.930Z",
    "target_ct": 42,
    "target_id": 6
  }
},
{
  "model": "actions.action",
  "pk": 23,
  "fields": {
    "user": 3,
    "verb": "is following",
    "created": "2024-04-19T08:23:49.987Z",
    "target_ct": 12,
    "target_id": 2
  }
},
{
  "model": "actions.action",
  "pk": 24,
  "fields": {
    "user": 3,
    "verb": "is following",
    "created": "2024-04-19T08:25:03.098Z",
    "target_ct": 12,
    "target_id": 3
  }
},
{
  "model": "actions.action",
  "pk": 25,
  "fields": {
    "user": 2,
    "verb": "likes",
    "created": "2024-04-19T08:27:02.787Z",
    "target_ct": 42,
    "target_id": 6
  }
},
{
  "model": "actions.action",
  "pk": 26,
  "fields": {
    "user": 2,
    "verb": "is following",
    "created": "2024-04-19T08:27:18.029Z",
    "target_ct": 12,
    "target_id": 8
  }
},
{
  "model": "actions.action",
  "pk": 27,
  "fields": {
    "user": 2,
    "verb": "bookmarked image",
    "created": "2024-04-19T08:29:40.960Z",
    "target_ct": 42,
    "target_id": 7
  }
},
{
  "model": "actions.action",
  "pk": 28,
  "fields": {
    "user": 2,
    "verb": "likes",
    "created": "2024-04-19T08:29:45.302Z",
    "target_ct": 42,
    "target_id": 7
  }
},
{
  "model": "actions.action",
  "pk": 29,
  "fields": {
    "user": 2,
    "verb": "bookmarked image",
    "created": "2024-04-19T08:31:20.233Z",
    "target_ct": 42,
    "target_id": 8
  }
},
{
  "model": "actions.action",
  "pk": 30,
  "fields": {
    "user": 2,
    "verb": "likes",
    "created": "2024-04-19T08:31:25.697Z",
    "target_ct": 42,
    "target_id": 8
  }
},
{
  "model": "actions.action",
  "pk": 31,
  "fields": {
    "user": 2,
    "verb": "bookmarked image",
    "created": "2024-04-19T19:38:39.439Z",
    "target_ct": 42,
    "target_id": 9
  }
},
{
  "model": "actions.action",
  "pk": 32,
  "fields": {
    "user": 2,
    "verb": "likes",
    "created": "2024-04-19T19:39:25.561Z",
    "target_ct": 42,
    "target_id": 9
  }
},
{
  "model": "actions.action",
  "pk": 33,
  "fields": {
    "user": 2,
    "verb": "bookmarked image",
    "created": "2024-04-19T19:42:05.420Z",
    "target_ct": 42,
    "target_id": 10
  }
},
{
  "model": "actions.action",
  "pk": 34,
  "fields": {
    "user": 2,
    "verb": "bookmarked image",
    "created": "2024-04-19T20:20:45.437Z",
    "target_ct": 42,
    "target_id": 11
  }
},
{
  "model": "actions.action",
  "pk": 35,
  "fields": {
    "user": 1,
    "verb": "bookmarked image",
    "created": "2024-04-19T23:05:04.340Z",
    "target_ct": 42,
    "target_id": 12
  }
},
{
  "model": "actions.action",
  "pk": 36,
  "fields": {
    "user": 1,
    "verb": "likes",
    "created": "2024-04-19T23:05:09.681Z",
    "target_ct": 42,
    "target_id": 12
  }
},
{
  "model": "actions.action",
  "pk": 37,
  "fields": {
    "user": 1,
    "verb": "bookmarked image",
    "created": "2024-04-20T00:22:27.914Z",
    "target_ct": 42,
    "target_id": 13
  }
},
{
  "model": "actions.action",
  "pk": 38,
  "fields": {
    "user": 1,
    "verb": "bookmarked image",
    "created": "2024-04-20T00:33:05.560Z",
    "target_ct": 42,
    "target_id": 14
  }
},
{
  "model": "actions.action",
  "pk": 39,
  "fields": {
    "user": 1,
    "verb": "bookmarked image",
    "created": "2024-04-20T01:14:26.860Z",
    "target_ct": 42,
    "target_id": 15
  }
},
{
  "model": "actions.action",
  "pk": 40,
  "fields": {
    "user": 1,
    "verb": "bookmarked image",
    "created": "2024-04-20T01:16:49.560Z",
    "target_ct": 42,
    "target_id": 16
  }
},
{
  "model": "actions.action",
  "pk": 41,
  "fields": {
    "user": 1,
    "verb": "likes",
    "created": "2024-04-20T01:17:00.516Z",
    "target_ct": 42,
    "target_id": 16
  }
},
{
  "model": "actions.action",
  "pk": 42,
  "fields": {
    "user": 1,
    "verb": "bookmarked image",
    "created": "2024-04-20T01:18:42.541Z",
    "target_ct": 42,
    "target_id": 17
  }
},
{
  "model": "actions.action",
  "pk": 43,
  "fields": {
    "user": 7,
    "verb": "bookmarked image",
    "created": "2024-04-20T01:20:33.702Z",
    "target_ct": 42,
    "target_id": 18
  }
},
{
  "model": "actions.action",
  "pk": 44,
  "fields": {
    "user": 7,
    "verb": "likes",
    "created": "2024-04-20T01:21:08.547Z",
    "target_ct": 42,
    "target_id": 16
  }
},
{
  "model": "actions.action",
  "pk": 45,
  "fields": {
    "user": 7,
    "verb": "likes",
    "created": "2024-04-20T01:21:21.349Z",
    "target_ct": 42,
    "target_id": 7
  }
},
{
  "model": "actions.action",
  "pk": 46,
  "fields": {
    "user": 7,
    "verb": "likes",
    "created": "2024-04-20T01:21:42.602Z",
    "target_ct": 42,
    "target_id": 12
  }
},
{
  "model": "actions.action",
  "pk": 47,
  "fields": {
    "user": 7,
    "verb": "likes",
    "created": "2024-04-20T01:21:52.876Z",
    "target_ct": 42,
    "target_id": 10
  }
},
{
  "model": "actions.action",
  "pk": 48,
  "fields": {
    "user": 7,
    "verb": "likes",
    "created": "2024-04-20T01:22:10.499Z",
    "target_ct": 42,
    "target_id": 6
  }
},
{
  "model": "actions.action",
  "pk": 49,
  "fields": {
    "user": 7,
    "verb": "is following",
    "created": "2024-04-20T01:22:19.244Z",
    "target_ct": 12,
    "target_id": 3
  }
},
{
  "model": "actions.action",
  "pk": 50,
  "fields": {
    "user": 7,
    "verb": "is following",
    "created": "2024-04-20T01:22:27.252Z",
    "target_ct": 12,
    "target_id": 2
  }
},
{
  "model": "actions.action",
  "pk": 51,
  "fields": {
    "user": 7,
    "verb": "is following",
    "created": "2024-04-20T01:22:35.646Z",
    "target_ct": 12,
    "target_id": 1
  }
},
{
  "model": "actions.action",
  "pk": 52,
  "fields": {
    "user": 7,
    "verb": "is following",
    "created": "2024-04-20T01:23:17.971Z",
    "target_ct": 12,
    "target_id": 8
  }
},
{
  "model": "actions.action",
  "pk": 53,
  "fields": {
    "user": 7,
    "verb": "is following",
    "created": "2024-04-20T01:23:23.936Z",
    "target_ct": 12,
    "target_id": 5
  }
},
{
  "model": "actions.action",
  "pk": 54,
  "fields": {
    "user": 7,
    "verb": "is following",
    "created": "2024-04-20T01:23:32.602Z",
    "target_ct": 12,
    "target_id": 7
  }
},
{
  "model": "actions.action",
  "pk": 55,
  "fields": {
    "user": 7,
    "verb": "likes",
    "created": "2024-04-20T01:23:36.302Z",
    "target_ct": 42,
    "target_id": 18
  }
},
{
  "model": "actions.action",
  "pk": 56,
  "fields": {
    "user": 7,
    "verb": "is following",
    "created": "2024-04-20T01:24:06.957Z",
    "target_ct": 12,
    "target_id": 9
  }
},
{
  "model": "actions.action",
  "pk": 57,
  "fields": {
    "user": 4,
    "verb": "bookmarked image",
    "created": "2024-04-20T01:25:27.983Z",
    "target_ct": 42,
    "target_id": 19
  }
},
{
  "model": "actions.action",
  "pk": 58,
  "fields": {
    "user": 4,
    "verb": "bookmarked image",
    "created": "2024-04-20T01:25:53.031Z",
    "target_ct": 42,
    "target_id": 20
  }
},
{
  "model": "actions.action",
  "pk": 59,
  "fields": {
    "user": 4,
    "verb": "likes",
    "created": "2024-04-20T01:25:58.251Z",
    "target_ct": 42,
    "target_id": 20
  }
},
{
  "model": "actions.action",
  "pk": 60,
  "fields": {
    "user": 4,
    "verb": "likes",
    "created": "2024-04-20T01:26:08.129Z",
    "target_ct": 42,
    "target_id": 18
  }
},
{
  "model": "actions.action",
  "pk": 61,
  "fields": {
    "user": 4,
    "verb": "likes",
    "created": "2024-04-20T01:26:20.757Z",
    "target_ct": 42,
    "target_id": 19
  }
},
{
  "model": "actions.action",
  "pk": 62,
  "fields": {
    "user": 4,
    "verb": "likes",
    "created": "2024-04-20T01:26:45.044Z",
    "target_ct": 42,
    "target_id": 6
  }
},
{
  "model": "actions.action",
  "pk": 63,
  "fields": {
    "user": 4,
    "verb": "likes",
    "created": "2024-04-20T01:26:54.297Z",
    "target_ct": 42,
    "target_id": 7
  }
},
{
  "model": "actions.action",
  "pk": 64,
  "fields": {
    "user": 4,
    "verb": "likes",
    "created": "2024-04-20T01:27:08.146Z",
    "target_ct": 42,
    "target_id": 12
  }
},
{
  "model": "actions.action",
  "pk": 65,
  "fields": {
    "user": 4,
    "verb": "likes",
    "created": "2024-04-20T01:27:17.486Z",
    "target_ct": 42,
    "target_id": 5
  }
},
{
  "model": "actions.action",
  "pk": 66,
  "fields": {
    "user": 4,
    "verb": "likes",
    "created": "2024-04-20T01:27:33.312Z",
    "target_ct": 42,
    "target_id": 17
  }
},
{
  "model": "actions.action",
  "pk": 67,
  "fields": {
    "user": 1,
    "verb": "likes",
    "created": "2024-04-20T01:48:20.004Z",
    "target_ct": 42,
    "target_id": 17
  }
},
{
  "model": "actions.action",
  "pk": 68,
  "fields": {
    "user": 1,
    "verb": "is following",
    "created": "2024-04-20T01:48:37.988Z",
    "target_ct": 12,
    "target_id": 8
  }
},
{
  "model": "actions.action",
  "pk": 69,
  "fields": {
    "user": 1,
    "verb": "is following",
    "created": "2024-04-20T01:48:51.099Z",
    "target_ct": 12,
    "target_id": 4
  }
},
{
  "model": "actions.action",
  "pk": 70,
  "fields": {
    "user": 1,
    "verb": "likes",
    "created": "2024-04-20T01:48:55.904Z",
    "target_ct": 42,
    "target_id": 19
  }
},
{
  "model": "actions.action",
  "pk": 71,
  "fields": {
    "user": 1,
    "verb": "is following",
    "created": "2024-04-20T01:50:54.869Z",
    "target_ct": 12,
    "target_id": 4
  }
},
{
  "model": "actions.action",
  "pk": 72,
  "fields": {
    "user": 6,
    "verb": "bookmarked image",
    "created": "2024-04-20T01:58:39.387Z",
    "target_ct": 42,
    "target_id": 21
  }
},
{
  "model": "actions.action",
  "pk": 73,
  "fields": {
    "user": 6,
    "verb": "bookmarked image",
    "created": "2024-04-20T01:59:07.328Z",
    "target_ct": 42,
    "target_id": 22
  }
},
{
  "model": "actions.action",
  "pk": 74,
  "fields": {
    "user": 6,
    "verb": "is following",
    "created": "2024-04-20T01:59:16.978Z",
    "target_ct": 12,
    "target_id": 3
  }
},
{
  "model": "actions.action",
  "pk": 75,
  "fields": {
    "user": 6,
    "verb": "is following",
    "created": "2024-04-20T01:59:28.474Z",
    "target_ct": 12,
    "target_id": 7
  }
},
{
  "model": "actions.action",
  "pk": 76,
  "fields": {
    "user": 6,
    "verb": "likes",
    "created": "2024-04-20T01:59:32.654Z",
    "target_ct": 42,
    "target_id": 18
  }
},
{
  "model": "actions.action",
  "pk": 77,
  "fields": {
    "user": 6,
    "verb": "likes",
    "created": "2024-04-20T01:59:46.849Z",
    "target_ct": 42,
    "target_id": 7
  }
},
{
  "model": "actions.action",
  "pk": 78,
  "fields": {
    "user": 6,
    "verb": "likes",
    "created": "2024-04-20T01:59:58.532Z",
    "target_ct": 42,
    "target_id": 12
  }
},
{
  "model": "actions.action",
  "pk": 79,
  "fields": {
    "user": 6,
    "verb": "is following",
    "created": "2024-04-20T02:00:09.556Z",
    "target_ct": 12,
    "target_id": 4
  }
},
{
  "model": "actions.action",
  "pk": 80,
  "fields": {
    "user": 6,
    "verb": "likes",
    "created": "2024-04-20T02:00:13.259Z",
    "target_ct": 42,
    "target_id": 20
  }
},
{
  "model": "actions.action",
  "pk": 81,
  "fields": {
    "user": 6,
    "verb": "likes",
    "created": "2024-04-20T02:00:31.247Z",
    "target_ct": 42,
    "target_id": 4
  }
},
{
  "model": "actions.action",
  "pk": 82,
  "fields": {
    "user": 6,
    "verb": "bookmarked image",
    "created": "2024-04-20T02:03:22.045Z",
    "target_ct": 42,
    "target_id": 23
  }
},
{
  "model": "actions.action",
  "pk": 83,
  "fields": {
    "user": 1,
    "verb": "likes",
    "created": "2024-04-20T02:07:22.727Z",
    "target_ct": 42,
    "target_id": 21
  }
},
{
  "model": "actions.action",
  "pk": 84,
  "fields": {
    "user": 1,
    "verb": "is following",
    "created": "2024-04-20T02:08:00.697Z",
    "target_ct": 12,
    "target_id": 6
  }
},
{
  "model": "actions.action",
  "pk": 85,
  "fields": {
    "user": 1,
    "verb": "likes",
    "created": "2024-04-20T02:08:05.817Z",
    "target_ct": 42,
    "target_id": 23
  }
},
{
  "model": "actions.action",
  "pk": 86,
  "fields": {
    "user": 1,
    "verb": "likes",
    "created": "2024-04-20T02:08:13.941Z",
    "target_ct": 42,
    "target_id": 22
  }
},
{
  "model": "actions.action",
  "pk": 87,
  "fields": {
    "user": 1,
    "verb": "bookmarked image",
    "created": "2024-04-20T02:11:38.283Z",
    "target_ct": 42,
    "target_id": 24
  }
},
{
  "model": "actions.action",
  "pk": 88,
  "fields": {
    "user": 1,
    "verb": "bookmarked image",
    "created": "2024-04-20T02:16:12.813Z",
    "target_ct": 42,
    "target_id": 25
  }
},
{
  "model": "actions.action",
  "pk": 89,
  "fields": {
    "user": 1,
    "verb": "is following",
    "created": "2024-04-20T03:41:45.691Z",
    "target_ct": 12,
    "target_id": 5
  }
},
{
  "model": "actions.action",
  "pk": 90,
  "fields": {
    "user": 1,
    "verb": "is following",
    "created": "2024-04-20T03:42:01.609Z",
    "target_ct": 12,
    "target_id": 2
  }
},
{
  "model": "actions.action",
  "pk": 91,
  "fields": {
    "user": 1,
    "verb": "is following",
    "created": "2024-04-20T03:42:08.254Z",
    "target_ct": 12,
    "target_id": 7
  }
},
{
  "model": "actions.action",
  "pk": 92,
  "fields": {
    "user": 1,
    "verb": "is following",
    "created": "2024-04-20T03:42:34.023Z",
    "target_ct": 12,
    "target_id": 9
  }
},
{
  "model": "actions.action",
  "pk": 93,
  "fields": {
    "user": 1,
    "verb": "likes",
    "created": "2024-04-20T17:24:51.773Z",
    "target_ct": 42,
    "target_id": 20
  }
},
{
  "model": "actions.action",
  "pk": 94,
  "fields": {
    "user": 1,
    "verb": "is following",
    "created": "2024-04-20T17:24:58.647Z",
    "target_ct": 12,
    "target_id": 4
  }
},
{
  "model": "actions.action",
  "pk": 95,
  "fields": {
    "user": 8,
    "verb": "likes",
    "created": "2024-04-22T17:42:27.160Z",
    "target_ct": 42,
    "target_id": 14
  }
},
{
  "model": "actions.action",
  "pk": 96,
  "fields": {
    "user": 1,
    "verb": "bookmarked image",
    "created": "2024-04-22T18:39:53.413Z",
    "target_ct": 42,
    "target_id": 26
  }
},
{
  "model": "actions.action",
  "pk": 97,
  "fields": {
    "user": 1,
    "verb": "bookmarked image",
    "created": "2024-04-22T18:43:01.355Z",
    "target_ct": 42,
    "target_id": 27
  }
},
{
  "model": "actions.action",
  "pk": 98,
  "fields": {
    "user": 1,
    "verb": "bookmarked image",
    "created": "2024-04-22T18:45:11.880Z",
    "target_ct": 42,
    "target_id": 28
  }
},
{
  "model": "actions.action",
  "pk": 99,
  "fields": {
    "user": 4,
    "verb": "bookmarked image",
    "created": "2024-04-22T18:46:42.410Z",
    "target_ct": 42,
    "target_id": 29
  }
},
{
  "model": "actions.action",
  "pk": 100,
  "fields": {
    "user": 4,
    "verb": "likes",
    "created": "2024-04-22T18:46:58.447Z",
    "target_ct": 42,
    "target_id": 28
  }
},
{
  "model": "actions.action",
  "pk": 101,
  "fields": {
    "user": 4,
    "verb": "is following",
    "created": "2024-04-22T18:47:12.137Z",
    "target_ct": 12,
    "target_id": 1
  }
},
{
  "model": "actions.action",
  "pk": 102,
  "fields": {
    "user": 4,
    "verb": "bookmarked image",
    "created": "2024-04-22T18:49:15.729Z",
    "target_ct": 42,
    "target_id": 30
  }
},
{
  "model": "actions.action",
  "pk": 103,
  "fields": {
    "user": 4,
    "verb": "bookmarked image",
    "created": "2024-04-22T18:58:31.565Z",
    "target_ct": 42,
    "target_id": 31
  }
},
{
  "model": "actions.action",
  "pk": 104,
  "fields": {
    "user": 4,
    "verb": "likes",
    "created": "2024-04-22T18:58:48.910Z",
    "target_ct": 42,
    "target_id": 31
  }
},
{
  "model": "actions.action",
  "pk": 105,
  "fields": {
    "user": 4,
    "verb": "likes",
    "created": "2024-04-22T18:59:29.066Z",
    "target_ct": 42,
    "target_id": 26
  }
},
{
  "model": "actions.action",
  "pk": 106,
  "fields": {
    "user": 4,
    "verb": "likes",
    "created": "2024-04-22T18:59:44.927Z",
    "target_ct": 42,
    "target_id": 27
  }
},
{
  "model": "actions.action",
  "pk": 107,
  "fields": {
    "user": 6,
    "verb": "bookmarked image",
    "created": "2024-04-22T19:03:13.351Z",
    "target_ct": 42,
    "target_id": 32
  }
},
{
  "model": "actions.action",
  "pk": 108,
  "fields": {
    "user": 6,
    "verb": "likes",
    "created": "2024-04-22T19:03:22.172Z",
    "target_ct": 42,
    "target_id": 32
  }
},
{
  "model": "actions.action",
  "pk": 109,
  "fields": {
    "user": 6,
    "verb": "is following",
    "created": "2024-04-22T19:03:42.449Z",
    "target_ct": 12,
    "target_id": 4
  }
},
{
  "model": "actions.action",
  "pk": 110,
  "fields": {
    "user": 6,
    "verb": "is following",
    "created": "2024-04-22T19:04:00.281Z",
    "target_ct": 12,
    "target_id": 1
  }
},
{
  "model": "actions.action",
  "pk": 111,
  "fields": {
    "user": 5,
    "verb": "bookmarked image",
    "created": "2024-04-22T19:06:37.419Z",
    "target_ct": 42,
    "target_id": 33
  }
},
{
  "model": "actions.action",
  "pk": 112,
  "fields": {
    "user": 5,
    "verb": "likes",
    "created": "2024-04-22T19:06:51.726Z",
    "target_ct": 42,
    "target_id": 29
  }
},
{
  "model": "actions.action",
  "pk": 113,
  "fields": {
    "user": 5,
    "verb": "is following",
    "created": "2024-04-22T19:07:05.884Z",
    "target_ct": 12,
    "target_id": 1
  }
},
{
  "model": "actions.action",
  "pk": 114,
  "fields": {
    "user": 5,
    "verb": "is following",
    "created": "2024-04-22T19:07:12.455Z",
    "target_ct": 12,
    "target_id": 3
  }
},
{
  "model": "actions.action",
  "pk": 115,
  "fields": {
    "user": 5,
    "verb": "is following",
    "created": "2024-04-22T19:07:19.069Z",
    "target_ct": 12,
    "target_id": 4
  }
},
{
  "model": "actions.action",
  "pk": 116,
  "fields": {
    "user": 5,
    "verb": "bookmarked image",
    "created": "2024-04-22T19:34:14.890Z",
    "target_ct": 42,
    "target_id": 34
  }
},
{
  "model": "actions.action",
  "pk": 117,
  "fields": {
    "user": 1,
    "verb": "likes",
    "created": "2024-04-22T19:35:22.109Z",
    "target_ct": 42,
    "target_id": 34
  }
},
{
  "model": "actions.action",
  "pk": 118,
  "fields": {
    "user": 3,
    "verb": "bookmarked image",
    "created": "2024-04-22T20:08:39.132Z",
    "target_ct": 42,
    "target_id": 35
  }
},
{
  "model": "actions.action",
  "pk": 119,
  "fields": {
    "user": 3,
    "verb": "likes",
    "created": "2024-04-22T20:13:11.015Z",
    "target_ct": 42,
    "target_id": 26
  }
},
{
  "model": "actions.action",
  "pk": 120,
  "fields": {
    "user": 3,
    "verb": "likes",
    "created": "2024-04-22T20:14:11.162Z",
    "target_ct": 42,
    "target_id": 7
  }
},
{
  "model": "easy_thumbnails.source",
  "pk": 1,
  "fields": {
    "storage_hash": "0d677af76ca5bf5575d614e04932c3a4",
    "name": "users/2024/01/29/user_it.jpeg",
    "modified": "2024-04-20T01:49:29.277Z"
  }
},
{
  "model": "easy_thumbnails.source",
  "pk": 2,
  "fields": {
    "storage_hash": "0d677af76ca5bf5575d614e04932c3a4",
    "name": "users/2024/01/29/user_marketing.jpeg",
    "modified": "2024-04-22T19:35:08.113Z"
  }
},
{
  "model": "easy_thumbnails.source",
  "pk": 3,
  "fields": {
    "storage_hash": "0d677af76ca5bf5575d614e04932c3a4",
    "name": "users/2024/01/28/5.png",
    "modified": "2024-04-19T08:23:54.287Z"
  }
},
{
  "model": "easy_thumbnails.source",
  "pk": 4,
  "fields": {
    "storage_hash": "0d677af76ca5bf5575d614e04932c3a4",
    "name": "users/2024/01/29/user_music.jpeg",
    "modified": "2024-04-20T02:10:24.069Z"
  }
},
{
  "model": "easy_thumbnails.source",
  "pk": 5,
  "fields": {
    "storage_hash": "0d677af76ca5bf5575d614e04932c3a4",
    "name": "users/2024/04/19/Снимок_экрана_2024-04-19_в_07.25.43.png",
    "modified": "2024-04-19T06:42:26.902Z"
  }
},
{
  "model": "easy_thumbnails.source",
  "pk": 6,
  "fields": {
    "storage_hash": "0d677af76ca5bf5575d614e04932c3a4",
    "name": "users/2024/01/29/user_admin.jpeg",
    "modified": "2024-04-19T07:35:49.350Z"
  }
},
{
  "model": "easy_thumbnails.source",
  "pk": 7,
  "fields": {
    "storage_hash": "0d677af76ca5bf5575d614e04932c3a4",
    "name": "images/2024/04/19/wikimedia-commons_NRfn5KA.jpg",
    "modified": "2024-04-19T07:35:49.574Z"
  }
},
{
  "model": "easy_thumbnails.source",
  "pk": 8,
  "fields": {
    "storage_hash": "0d677af76ca5bf5575d614e04932c3a4",
    "name": "images/2024/04/19/wikimedia-commons.jpg",
    "modified": "2024-04-19T07:42:10.352Z"
  }
},
{
  "model": "easy_thumbnails.source",
  "pk": 9,
  "fields": {
    "storage_hash": "0d677af76ca5bf5575d614e04932c3a4",
    "name": "images/2024/04/19/wikimedia-commons_joRNw30.jpg",
    "modified": "2024-04-19T07:35:49.441Z"
  }
},
{
  "model": "easy_thumbnails.source",
  "pk": 10,
  "fields": {
    "storage_hash": "0d677af76ca5bf5575d614e04932c3a4",
    "name": "images/2024/04/19/bolshie-foto-izobrazheniya-skachat-besplatno-na-freepik.jpg",
    "modified": "2024-04-19T07:44:24.340Z"
  }
},
{
  "model": "easy_thumbnails.source",
  "pk": 11,
  "fields": {
    "storage_hash": "0d677af76ca5bf5575d614e04932c3a4",
    "name": "images/2024/04/19/pechene.jpg",
    "modified": "2024-04-19T07:44:24.166Z"
  }
},
{
  "model": "easy_thumbnails.source",
  "pk": 12,
  "fields": {
    "storage_hash": "0d677af76ca5bf5575d614e04932c3a4",
    "name": "images/2024/04/19/knizhnaya-polka.jpg",
    "modified": "2024-04-19T08:23:54.479Z"
  }
},
{
  "model": "easy_thumbnails.source",
  "pk": 13,
  "fields": {
    "storage_hash": "0d677af76ca5bf5575d614e04932c3a4",
    "name": "users/2024/04/19/Снимок_экрана_2024-04-19_в_11.11.02.png",
    "modified": "2024-04-19T08:12:56.188Z"
  }
},
{
  "model": "easy_thumbnails.source",
  "pk": 14,
  "fields": {
    "storage_hash": "0d677af76ca5bf5575d614e04932c3a4",
    "name": "users/2024/04/19/Снимок_экрана_2024-04-19_в_11.17.02.png",
    "modified": "2024-04-19T08:20:27.798Z"
  }
},
{
  "model": "easy_thumbnails.source",
  "pk": 15,
  "fields": {
    "storage_hash": "0d677af76ca5bf5575d614e04932c3a4",
    "name": "users/2024/04/19/Снимок_экрана_2024-04-19_в_11.19.37.png",
    "modified": "2024-04-22T18:40:18.119Z"
  }
},
{
  "model": "easy_thumbnails.source",
  "pk": 16,
  "fields": {
    "storage_hash": "0d677af76ca5bf5575d614e04932c3a4",
    "name": "images/2024/04/19/14-udachnyh-primerov-ispolzovaniya-bolshih-izobrazhenij-v-dizajne.jpg",
    "modified": "2024-04-20T01:49:29.479Z"
  }
},
{
  "model": "easy_thumbnails.source",
  "pk": 17,
  "fields": {
    "storage_hash": "0d677af76ca5bf5575d614e04932c3a4",
    "name": "images/2024/04/19/sobor.jpg",
    "modified": "2024-04-19T08:31:31.669Z"
  }
},
{
  "model": "easy_thumbnails.source",
  "pk": 18,
  "fields": {
    "storage_hash": "0d677af76ca5bf5575d614e04932c3a4",
    "name": "images/2024/04/19/bolshie-foto-izobrazheniya-skachat-besplatno-na-freepik_Nd7UPEd.jpg",
    "modified": "2024-04-19T19:39:34.085Z"
  }
},
{
  "model": "easy_thumbnails.source",
  "pk": 19,
  "fields": {
    "storage_hash": "0d677af76ca5bf5575d614e04932c3a4",
    "name": "images/2024/04/19/bolshie-foto-izobrazheniya-skachat-besplatno-na-freepik_61x5HK3.jpg",
    "modified": "2024-04-20T01:20:48.860Z"
  }
},
{
  "model": "easy_thumbnails.source",
  "pk": 20,
  "fields": {
    "storage_hash": "0d677af76ca5bf5575d614e04932c3a4",
    "name": "images/2024/04/19/14-udachnyh-primerov-ispolzovaniya-bolshih-izobrazhenij-v-dizajne_8QYR4Bn.jpg",
    "modified": "2024-04-20T01:20:48.715Z"
  }
},
{
  "model": "easy_thumbnails.source",
  "pk": 21,
  "fields": {
    "storage_hash": "0d677af76ca5bf5575d614e04932c3a4",
    "name": "images/2024/04/19/14-udachnyh-primerov-ispolzovaniya-bolshih-izobrazhenij-v-dizajne_FaLfsxj.jpg",
    "modified": "2024-04-20T01:20:48.622Z"
  }
},
{
  "model": "easy_thumbnails.source",
  "pk": 22,
  "fields": {
    "storage_hash": "0d677af76ca5bf5575d614e04932c3a4",
    "name": "images/2024/04/20/zhzhlol.jpg",
    "modified": "2024-04-20T01:20:48.499Z"
  }
},
{
  "model": "easy_thumbnails.source",
  "pk": 23,
  "fields": {
    "storage_hash": "0d677af76ca5bf5575d614e04932c3a4",
    "name": "images/2024/04/20/14-udachnyh-primerov-ispolzovaniya-bolshih-izobrazhenij-v-dizajne_HouOocP.jpg",
    "modified": "2024-04-20T01:20:48.294Z"
  }
},
{
  "model": "easy_thumbnails.source",
  "pk": 24,
  "fields": {
    "storage_hash": "0d677af76ca5bf5575d614e04932c3a4",
    "name": "images/2024/04/20/14-udachnyh-primerov-ispolzovaniya-bolshih-izobrazhenij-v-dizajne_JZMczBl.jpg",
    "modified": "2024-04-20T01:20:48.182Z"
  }
},
{
  "model": "easy_thumbnails.source",
  "pk": 25,
  "fields": {
    "storage_hash": "0d677af76ca5bf5575d614e04932c3a4",
    "name": "images/2024/04/20/gde-vzyat-stokovye-fotografii-besplatno-15-luchshih-fotobankov_GkNkZPe.jpg",
    "modified": "2024-04-20T01:20:48.067Z"
  }
},
{
  "model": "easy_thumbnails.source",
  "pk": 26,
  "fields": {
    "storage_hash": "0d677af76ca5bf5575d614e04932c3a4",
    "name": "images/2024/04/20/gde-vzyat-stokovye-fotografii-besplatno-15-luchshih-fotobankov_8v63JGm.jpg",
    "modified": "2024-04-20T01:20:47.891Z"
  }
},
{
  "model": "easy_thumbnails.source",
  "pk": 27,
  "fields": {
    "storage_hash": "0d677af76ca5bf5575d614e04932c3a4",
    "name": "images/2024/04/20/gde-vzyat-stokovye-fotografii-besplatno-15-luchshih-fotobankov_bdlnciq.jpg",
    "modified": "2024-04-20T01:49:29.728Z"
  }
},
{
  "model": "easy_thumbnails.source",
  "pk": 28,
  "fields": {
    "storage_hash": "0d677af76ca5bf5575d614e04932c3a4",
    "name": "images/2024/04/20/gde-vzyat-stokovye-fotografii-besplatno-15-luchshih-fotobankov_U0WMekL.jpg",
    "modified": "2024-04-20T01:49:29.572Z"
  }
},
{
  "model": "easy_thumbnails.source",
  "pk": 29,
  "fields": {
    "storage_hash": "0d677af76ca5bf5575d614e04932c3a4",
    "name": "images/2024/04/20/gde-vzyat-stokovye-fotografii-besplatno-15-luchshih-fotobankov_IFlQLhu.jpg",
    "modified": "2024-04-20T01:49:29.809Z"
  }
},
{
  "model": "easy_thumbnails.source",
  "pk": 30,
  "fields": {
    "storage_hash": "0d677af76ca5bf5575d614e04932c3a4",
    "name": "images/2024/04/20/gde-vzyat-stokovye-fotografii-besplatno-15-luchshih-fotobankov_qJ7lF85.jpg",
    "modified": "2024-04-20T02:10:23.987Z"
  }
},
{
  "model": "easy_thumbnails.source",
  "pk": 31,
  "fields": {
    "storage_hash": "0d677af76ca5bf5575d614e04932c3a4",
    "name": "images/2024/04/20/gde-vzyat-stokovye-fotografii-besplatno-15-luchshih-fotobankov_xC2P4qw.jpg",
    "modified": "2024-04-20T02:10:23.778Z"
  }
},
{
  "model": "easy_thumbnails.source",
  "pk": 32,
  "fields": {
    "storage_hash": "0d677af76ca5bf5575d614e04932c3a4",
    "name": "images/2024/04/20/gde-vzyat-stokovye-fotografii-besplatno-15-luchshih-fotobankov_gyZow6w.jpg",
    "modified": "2024-04-20T02:10:23.866Z"
  }
},
{
  "model": "easy_thumbnails.source",
  "pk": 33,
  "fields": {
    "storage_hash": "0d677af76ca5bf5575d614e04932c3a4",
    "name": "images/2024/04/20/gde-vzyat-stokovye-fotografii-besplatno-15-luchshih-fotobankov_dI70X5k.jpg",
    "modified": "2024-04-20T03:42:23.843Z"
  }
},
{
  "model": "easy_thumbnails.source",
  "pk": 34,
  "fields": {
    "storage_hash": "0d677af76ca5bf5575d614e04932c3a4",
    "name": "images/2024/04/20/pechat-bolshih-foto-onlajn-s-dostavkoj-v-zhesharte_ABNjaWe.jpg",
    "modified": "2024-04-20T02:17:00.703Z"
  }
},
{
  "model": "easy_thumbnails.source",
  "pk": 35,
  "fields": {
    "storage_hash": "0d677af76ca5bf5575d614e04932c3a4",
    "name": "images/2024/04/22/django-and-duke_R1DyHiN.jpg",
    "modified": "2024-04-22T18:46:48.430Z"
  }
},
{
  "model": "easy_thumbnails.source",
  "pk": 36,
  "fields": {
    "storage_hash": "0d677af76ca5bf5575d614e04932c3a4",
    "name": "images/2024/04/22/amazoncom-spend-less-smile-more_9wBgKFL.jpg",
    "modified": "2024-04-22T18:46:48.349Z"
  }
},
{
  "model": "easy_thumbnails.source",
  "pk": 37,
  "fields": {
    "storage_hash": "0d677af76ca5bf5575d614e04932c3a4",
    "name": "images/2024/04/22/amazoncom-spend-less-smile-more_piZzxUJ.jpg",
    "modified": "2024-04-22T18:46:48.278Z"
  }
},
{
  "model": "easy_thumbnails.source",
  "pk": 38,
  "fields": {
    "storage_hash": "0d677af76ca5bf5575d614e04932c3a4",
    "name": "images/2024/04/22/amazoncom-spend-less-smile-more_ie9YH4f.jpg",
    "modified": "2024-04-22T19:03:28.257Z"
  }
},
{
  "model": "easy_thumbnails.source",
  "pk": 39,
  "fields": {
    "storage_hash": "0d677af76ca5bf5575d614e04932c3a4",
    "name": "images/2024/04/22/10-servisov-s-kartinkami-dlya-prezentacij-gde-kachat-izobrazheniya-iko_wxa3ykK.jpg",
    "modified": "2024-04-22T19:03:28.179Z"
  }
},
{
  "model": "easy_thumbnails.source",
  "pk": 40,
  "fields": {
    "storage_hash": "0d677af76ca5bf5575d614e04932c3a4",
    "name": "images/2024/04/22/10-252-672-rez-po-zaprosu-prezentaciya-izobrazheniya-stokovye-fotograf_0axIHQV.jpg",
    "modified": "2024-04-22T19:03:28.085Z"
  }
},
{
  "model": "easy_thumbnails.source",
  "pk": 41,
  "fields": {
    "storage_hash": "0d677af76ca5bf5575d614e04932c3a4",
    "name": "images/2024/04/22/7-besplatnyh_neVCnH8.jpg",
    "modified": "2024-04-22T19:06:55.022Z"
  }
},
{
  "model": "easy_thumbnails.source",
  "pk": 42,
  "fields": {
    "storage_hash": "0d677af76ca5bf5575d614e04932c3a4",
    "name": "images/2024/04/22/7-besplatnyh-fotosto_jpb8Pgx.jpg",
    "modified": "2024-04-22T19:35:08.319Z"
  }
},
{
  "model": "easy_thumbnails.source",
  "pk": 43,
  "fields": {
    "storage_hash": "0d677af76ca5bf5575d614e04932c3a4",
    "name": "images/2024/04/22/testy_V1hgMil.jpg",
    "modified": "2024-04-22T20:13:27.863Z"
  }
},
{
  "model": "easy_thumbnails.source",
  "pk": 44,
  "fields": {
    "storage_hash": "0d677af76ca5bf5575d614e04932c3a4",
    "name": "images/2024/04/22/bookmark-an-image_Zjni4WE.jpg",
    "modified": "2024-04-23T04:37:36.448Z"
  }
},
{
  "model": "easy_thumbnails.source",
  "pk": 45,
  "fields": {
    "storage_hash": "0d677af76ca5bf5575d614e04932c3a4",
    "name": "products/2024/04/17/Регнум_97h9Jkh.png",
    "modified": "2024-04-23T03:45:21.885Z"
  }
},
{
  "model": "easy_thumbnails.source",
  "pk": 46,
  "fields": {
    "storage_hash": "0d677af76ca5bf5575d614e04932c3a4",
    "name": "products/2024/04/17/Омега_aBthpm6.png",
    "modified": "2024-04-23T03:45:22.034Z"
  }
},
{
  "model": "easy_thumbnails.source",
  "pk": 47,
  "fields": {
    "storage_hash": "0d677af76ca5bf5575d614e04932c3a4",
    "name": "products/2024/04/17/Амбер_ixuIeh4.png",
    "modified": "2024-04-23T03:45:22.166Z"
  }
},
{
  "model": "easy_thumbnails.source",
  "pk": 48,
  "fields": {
    "storage_hash": "0d677af76ca5bf5575d614e04932c3a4",
    "name": "products/2024/04/17/Кидвилл_zLLspsb.png",
    "modified": "2024-04-23T03:45:22.293Z"
  }
},
{
  "model": "easy_thumbnails.source",
  "pk": 49,
  "fields": {
    "storage_hash": "0d677af76ca5bf5575d614e04932c3a4",
    "name": "products/2024/04/23/Снимок_экрана_2024-04-23_в_06.56.29.png",
    "modified": "2024-04-23T03:57:40.772Z"
  }
},
{
  "model": "easy_thumbnails.source",
  "pk": 50,
  "fields": {
    "storage_hash": "0d677af76ca5bf5575d614e04932c3a4",
    "name": "products/2024/04/23/FullSizeRender10.jpg",
    "modified": "2024-04-23T04:00:07.553Z"
  }
},
{
  "model": "easy_thumbnails.source",
  "pk": 51,
  "fields": {
    "storage_hash": "0d677af76ca5bf5575d614e04932c3a4",
    "name": "products/2024/04/23/FullSizeRender.jpg",
    "modified": "2024-04-23T04:05:52.583Z"
  }
},
{
  "model": "easy_thumbnails.source",
  "pk": 52,
  "fields": {
    "storage_hash": "0d677af76ca5bf5575d614e04932c3a4",
    "name": "users/2024/04/23/Снимок_экрана_2024-04-23_в_08.39.25.png",
    "modified": "2024-04-23T05:40:36.821Z"
  }
},
{
  "model": "easy_thumbnails.thumbnail",
  "pk": 1,
  "fields": {
    "storage_hash": "d26becbf46ac48eda79c7a39a13a02dd",
    "name": "users/2024/01/29/user_it.jpeg.180x180_q85.jpg",
    "modified": "2024-04-19T06:41:01.278Z",
    "source": 1
  }
},
{
  "model": "easy_thumbnails.thumbnail",
  "pk": 2,
  "fields": {
    "storage_hash": "d26becbf46ac48eda79c7a39a13a02dd",
    "name": "users/2024/01/29/user_marketing.jpeg.180x180_q85.jpg",
    "modified": "2024-04-19T06:41:01.386Z",
    "source": 2
  }
},
{
  "model": "easy_thumbnails.thumbnail",
  "pk": 3,
  "fields": {
    "storage_hash": "d26becbf46ac48eda79c7a39a13a02dd",
    "name": "users/2024/01/28/5.png.180x180_q85.png",
    "modified": "2024-04-19T06:42:26.726Z",
    "source": 3
  }
},
{
  "model": "easy_thumbnails.thumbnail",
  "pk": 4,
  "fields": {
    "storage_hash": "d26becbf46ac48eda79c7a39a13a02dd",
    "name": "users/2024/01/29/user_music.jpeg.180x180_q85.jpg",
    "modified": "2024-04-19T06:42:26.815Z",
    "source": 4
  }
},
{
  "model": "easy_thumbnails.thumbnail",
  "pk": 5,
  "fields": {
    "storage_hash": "d26becbf46ac48eda79c7a39a13a02dd",
    "name": "users/2024/04/19/Снимок_экрана_2024-04-19_в_07.25.43.png.180x180_q85.png",
    "modified": "2024-04-19T06:42:26.951Z",
    "source": 5
  }
},
{
  "model": "easy_thumbnails.thumbnail",
  "pk": 6,
  "fields": {
    "storage_hash": "d26becbf46ac48eda79c7a39a13a02dd",
    "name": "users/2024/01/29/user_admin.jpeg.180x180_q85.jpg",
    "modified": "2024-04-19T06:42:27.040Z",
    "source": 6
  }
},
{
  "model": "easy_thumbnails.thumbnail",
  "pk": 7,
  "fields": {
    "storage_hash": "d26becbf46ac48eda79c7a39a13a02dd",
    "name": "images/2024/04/19/wikimedia-commons_NRfn5KA.jpg.300x300_q85_crop-smart.jpg",
    "modified": "2024-04-19T06:42:57.876Z",
    "source": 7
  }
},
{
  "model": "easy_thumbnails.thumbnail",
  "pk": 8,
  "fields": {
    "storage_hash": "d26becbf46ac48eda79c7a39a13a02dd",
    "name": "images/2024/04/19/wikimedia-commons.jpg.300x300_q85_crop-smart.jpg",
    "modified": "2024-04-19T06:42:57.979Z",
    "source": 8
  }
},
{
  "model": "easy_thumbnails.thumbnail",
  "pk": 9,
  "fields": {
    "storage_hash": "d26becbf46ac48eda79c7a39a13a02dd",
    "name": "images/2024/04/19/wikimedia-commons_joRNw30.jpg.300x300_q85_crop-smart.jpg",
    "modified": "2024-04-19T06:42:58.121Z",
    "source": 9
  }
},
{
  "model": "easy_thumbnails.thumbnail",
  "pk": 10,
  "fields": {
    "storage_hash": "d26becbf46ac48eda79c7a39a13a02dd",
    "name": "images/2024/04/19/bolshie-foto-izobrazheniya-skachat-besplatno-na-freepik.jpg.300x0_q85.png",
    "modified": "2024-04-19T07:02:28.997Z",
    "source": 10
  }
},
{
  "model": "easy_thumbnails.thumbnail",
  "pk": 11,
  "fields": {
    "storage_hash": "d26becbf46ac48eda79c7a39a13a02dd",
    "name": "images/2024/04/19/bolshie-foto-izobrazheniya-skachat-besplatno-na-freepik.jpg.300x300_q85_crop-smart.png",
    "modified": "2024-04-19T07:05:29.012Z",
    "source": 10
  }
},
{
  "model": "easy_thumbnails.thumbnail",
  "pk": 12,
  "fields": {
    "storage_hash": "d26becbf46ac48eda79c7a39a13a02dd",
    "name": "images/2024/04/19/wikimedia-commons_NRfn5KA.jpg.300x0_q85.jpg",
    "modified": "2024-04-19T07:05:33.524Z",
    "source": 7
  }
},
{
  "model": "easy_thumbnails.thumbnail",
  "pk": 13,
  "fields": {
    "storage_hash": "d26becbf46ac48eda79c7a39a13a02dd",
    "name": "images/2024/04/19/wikimedia-commons_joRNw30.jpg.300x0_q85.jpg",
    "modified": "2024-04-19T07:05:54.504Z",
    "source": 9
  }
},
{
  "model": "easy_thumbnails.thumbnail",
  "pk": 14,
  "fields": {
    "storage_hash": "d26becbf46ac48eda79c7a39a13a02dd",
    "name": "users/2024/01/29/user_admin.jpeg.80x80_q85_crop-100%.jpg",
    "modified": "2024-04-19T07:35:49.401Z",
    "source": 6
  }
},
{
  "model": "easy_thumbnails.thumbnail",
  "pk": 15,
  "fields": {
    "storage_hash": "d26becbf46ac48eda79c7a39a13a02dd",
    "name": "images/2024/04/19/wikimedia-commons_joRNw30.jpg.80x80_q85_crop-100%.jpg",
    "modified": "2024-04-19T07:35:49.492Z",
    "source": 9
  }
},
{
  "model": "easy_thumbnails.thumbnail",
  "pk": 16,
  "fields": {
    "storage_hash": "d26becbf46ac48eda79c7a39a13a02dd",
    "name": "images/2024/04/19/wikimedia-commons.jpg.80x80_q85_crop-100%.jpg",
    "modified": "2024-04-19T07:35:49.543Z",
    "source": 8
  }
},
{
  "model": "easy_thumbnails.thumbnail",
  "pk": 17,
  "fields": {
    "storage_hash": "d26becbf46ac48eda79c7a39a13a02dd",
    "name": "images/2024/04/19/wikimedia-commons_NRfn5KA.jpg.80x80_q85_crop-100%.jpg",
    "modified": "2024-04-19T07:35:49.619Z",
    "source": 7
  }
},
{
  "model": "easy_thumbnails.thumbnail",
  "pk": 18,
  "fields": {
    "storage_hash": "d26becbf46ac48eda79c7a39a13a02dd",
    "name": "images/2024/04/19/wikimedia-commons.jpg.300x0_q85.jpg",
    "modified": "2024-04-19T07:42:10.401Z",
    "source": 8
  }
},
{
  "model": "easy_thumbnails.thumbnail",
  "pk": 19,
  "fields": {
    "storage_hash": "d26becbf46ac48eda79c7a39a13a02dd",
    "name": "images/2024/04/19/pechene.jpg.300x0_q85.jpg",
    "modified": "2024-04-19T07:43:36.920Z",
    "source": 11
  }
},
{
  "model": "easy_thumbnails.thumbnail",
  "pk": 20,
  "fields": {
    "storage_hash": "d26becbf46ac48eda79c7a39a13a02dd",
    "name": "images/2024/04/19/pechene.jpg.300x300_q85_crop-smart.jpg",
    "modified": "2024-04-19T07:44:10.870Z",
    "source": 11
  }
},
{
  "model": "easy_thumbnails.thumbnail",
  "pk": 21,
  "fields": {
    "storage_hash": "d26becbf46ac48eda79c7a39a13a02dd",
    "name": "images/2024/04/19/pechene.jpg.80x80_q85_crop-100%.jpg",
    "modified": "2024-04-19T07:44:24.234Z",
    "source": 11
  }
},
{
  "model": "easy_thumbnails.thumbnail",
  "pk": 22,
  "fields": {
    "storage_hash": "d26becbf46ac48eda79c7a39a13a02dd",
    "name": "images/2024/04/19/bolshie-foto-izobrazheniya-skachat-besplatno-na-freepik.jpg.80x80_q85_crop-100%.png",
    "modified": "2024-04-19T07:44:24.386Z",
    "source": 10
  }
},
{
  "model": "easy_thumbnails.thumbnail",
  "pk": 23,
  "fields": {
    "storage_hash": "d26becbf46ac48eda79c7a39a13a02dd",
    "name": "images/2024/04/19/knizhnaya-polka.jpg.300x0_q85.png",
    "modified": "2024-04-19T08:05:48.046Z",
    "source": 12
  }
},
{
  "model": "easy_thumbnails.thumbnail",
  "pk": 24,
  "fields": {
    "storage_hash": "d26becbf46ac48eda79c7a39a13a02dd",
    "name": "images/2024/04/19/knizhnaya-polka.jpg.300x300_q85_crop-smart.png",
    "modified": "2024-04-19T08:06:18.523Z",
    "source": 12
  }
},
{
  "model": "easy_thumbnails.thumbnail",
  "pk": 25,
  "fields": {
    "storage_hash": "d26becbf46ac48eda79c7a39a13a02dd",
    "name": "users/2024/04/19/Снимок_экрана_2024-04-19_в_11.11.02.png.180x180_q85.png",
    "modified": "2024-04-19T08:12:30.727Z",
    "source": 13
  }
},
{
  "model": "easy_thumbnails.thumbnail",
  "pk": 26,
  "fields": {
    "storage_hash": "d26becbf46ac48eda79c7a39a13a02dd",
    "name": "users/2024/04/19/Снимок_экрана_2024-04-19_в_11.11.02.png.80x80_q85_crop-100%.png",
    "modified": "2024-04-19T08:12:56.235Z",
    "source": 13
  }
},
{
  "model": "easy_thumbnails.thumbnail",
  "pk": 27,
  "fields": {
    "storage_hash": "d26becbf46ac48eda79c7a39a13a02dd",
    "name": "users/2024/04/19/Снимок_экрана_2024-04-19_в_11.17.02.png.180x180_q85.png",
    "modified": "2024-04-19T08:20:27.854Z",
    "source": 14
  }
},
{
  "model": "easy_thumbnails.thumbnail",
  "pk": 28,
  "fields": {
    "storage_hash": "d26becbf46ac48eda79c7a39a13a02dd",
    "name": "users/2024/04/19/Снимок_экрана_2024-04-19_в_11.19.37.png.180x180_q85.png",
    "modified": "2024-04-19T08:20:27.958Z",
    "source": 15
  }
},
{
  "model": "easy_thumbnails.thumbnail",
  "pk": 29,
  "fields": {
    "storage_hash": "d26becbf46ac48eda79c7a39a13a02dd",
    "name": "users/2024/01/28/5.png.80x80_q85_crop-100%.png",
    "modified": "2024-04-19T08:23:54.335Z",
    "source": 3
  }
},
{
  "model": "easy_thumbnails.thumbnail",
  "pk": 30,
  "fields": {
    "storage_hash": "d26becbf46ac48eda79c7a39a13a02dd",
    "name": "images/2024/04/19/knizhnaya-polka.jpg.80x80_q85_crop-100%.png",
    "modified": "2024-04-19T08:23:54.524Z",
    "source": 12
  }
},
{
  "model": "easy_thumbnails.thumbnail",
  "pk": 31,
  "fields": {
    "storage_hash": "d26becbf46ac48eda79c7a39a13a02dd",
    "name": "images/2024/04/19/14-udachnyh-primerov-ispolzovaniya-bolshih-izobrazhenij-v-dizajne.jpg.300x0_q85.png",
    "modified": "2024-04-19T08:29:41.541Z",
    "source": 16
  }
},
{
  "model": "easy_thumbnails.thumbnail",
  "pk": 32,
  "fields": {
    "storage_hash": "d26becbf46ac48eda79c7a39a13a02dd",
    "name": "images/2024/04/19/14-udachnyh-primerov-ispolzovaniya-bolshih-izobrazhenij-v-dizajne.jpg.300x300_q85_crop-smart.png",
    "modified": "2024-04-19T08:29:50.798Z",
    "source": 16
  }
},
{
  "model": "easy_thumbnails.thumbnail",
  "pk": 33,
  "fields": {
    "storage_hash": "d26becbf46ac48eda79c7a39a13a02dd",
    "name": "images/2024/04/19/sobor.jpg.300x0_q85.png",
    "modified": "2024-04-19T08:31:20.554Z",
    "source": 17
  }
},
{
  "model": "easy_thumbnails.thumbnail",
  "pk": 34,
  "fields": {
    "storage_hash": "d26becbf46ac48eda79c7a39a13a02dd",
    "name": "images/2024/04/19/sobor.jpg.300x300_q85_crop-smart.png",
    "modified": "2024-04-19T08:31:31.716Z",
    "source": 17
  }
},
{
  "model": "easy_thumbnails.thumbnail",
  "pk": 35,
  "fields": {
    "storage_hash": "d26becbf46ac48eda79c7a39a13a02dd",
    "name": "images/2024/04/19/bolshie-foto-izobrazheniya-skachat-besplatno-na-freepik_Nd7UPEd.jpg.300x0_q85.png",
    "modified": "2024-04-19T19:38:40.451Z",
    "source": 18
  }
},
{
  "model": "easy_thumbnails.thumbnail",
  "pk": 36,
  "fields": {
    "storage_hash": "d26becbf46ac48eda79c7a39a13a02dd",
    "name": "images/2024/04/19/bolshie-foto-izobrazheniya-skachat-besplatno-na-freepik_Nd7UPEd.jpg.300x300_q85_crop-smart.png",
    "modified": "2024-04-19T19:39:34.336Z",
    "source": 18
  }
},
{
  "model": "easy_thumbnails.thumbnail",
  "pk": 37,
  "fields": {
    "storage_hash": "d26becbf46ac48eda79c7a39a13a02dd",
    "name": "images/2024/04/19/bolshie-foto-izobrazheniya-skachat-besplatno-na-freepik_61x5HK3.jpg.300x0_q85.png",
    "modified": "2024-04-19T19:42:05.828Z",
    "source": 19
  }
},
{
  "model": "easy_thumbnails.thumbnail",
  "pk": 38,
  "fields": {
    "storage_hash": "d26becbf46ac48eda79c7a39a13a02dd",
    "name": "images/2024/04/19/bolshie-foto-izobrazheniya-skachat-besplatno-na-freepik_61x5HK3.jpg.300x300_q85_crop-smart.png",
    "modified": "2024-04-19T19:42:15.618Z",
    "source": 19
  }
},
{
  "model": "easy_thumbnails.thumbnail",
  "pk": 39,
  "fields": {
    "storage_hash": "d26becbf46ac48eda79c7a39a13a02dd",
    "name": "images/2024/04/19/14-udachnyh-primerov-ispolzovaniya-bolshih-izobrazhenij-v-dizajne_8QYR4Bn.jpg.300x0_q85.jpg",
    "modified": "2024-04-19T20:20:46.276Z",
    "source": 20
  }
},
{
  "model": "easy_thumbnails.thumbnail",
  "pk": 40,
  "fields": {
    "storage_hash": "d26becbf46ac48eda79c7a39a13a02dd",
    "name": "images/2024/04/19/14-udachnyh-primerov-ispolzovaniya-bolshih-izobrazhenij-v-dizajne_8QYR4Bn.jpg.300x300_q85_crop-smart.jpg",
    "modified": "2024-04-19T20:20:55.349Z",
    "source": 20
  }
},
{
  "model": "easy_thumbnails.thumbnail",
  "pk": 41,
  "fields": {
    "storage_hash": "d26becbf46ac48eda79c7a39a13a02dd",
    "name": "images/2024/04/19/14-udachnyh-primerov-ispolzovaniya-bolshih-izobrazhenij-v-dizajne_FaLfsxj.jpg.300x0_q85.png",
    "modified": "2024-04-19T23:05:05.315Z",
    "source": 21
  }
},
{
  "model": "easy_thumbnails.thumbnail",
  "pk": 42,
  "fields": {
    "storage_hash": "d26becbf46ac48eda79c7a39a13a02dd",
    "name": "images/2024/04/19/14-udachnyh-primerov-ispolzovaniya-bolshih-izobrazhenij-v-dizajne_FaLfsxj.jpg.300x300_q85_crop-smart.png",
    "modified": "2024-04-19T23:05:31.480Z",
    "source": 21
  }
},
{
  "model": "easy_thumbnails.thumbnail",
  "pk": 43,
  "fields": {
    "storage_hash": "d26becbf46ac48eda79c7a39a13a02dd",
    "name": "images/2024/04/20/zhzhlol.jpg.300x0_q85.png",
    "modified": "2024-04-20T00:22:28.518Z",
    "source": 22
  }
},
{
  "model": "easy_thumbnails.thumbnail",
  "pk": 44,
  "fields": {
    "storage_hash": "d26becbf46ac48eda79c7a39a13a02dd",
    "name": "images/2024/04/20/zhzhlol.jpg.300x300_q85_crop-smart.png",
    "modified": "2024-04-20T00:22:42.951Z",
    "source": 22
  }
},
{
  "model": "easy_thumbnails.thumbnail",
  "pk": 45,
  "fields": {
    "storage_hash": "d26becbf46ac48eda79c7a39a13a02dd",
    "name": "images/2024/04/20/14-udachnyh-primerov-ispolzovaniya-bolshih-izobrazhenij-v-dizajne_HouOocP.jpg.300x0_q85.png",
    "modified": "2024-04-20T00:33:06.332Z",
    "source": 23
  }
},
{
  "model": "easy_thumbnails.thumbnail",
  "pk": 46,
  "fields": {
    "storage_hash": "d26becbf46ac48eda79c7a39a13a02dd",
    "name": "images/2024/04/20/14-udachnyh-primerov-ispolzovaniya-bolshih-izobrazhenij-v-dizajne_HouOocP.jpg.300x300_q85_crop-smart.png",
    "modified": "2024-04-20T00:33:21.733Z",
    "source": 23
  }
},
{
  "model": "easy_thumbnails.thumbnail",
  "pk": 47,
  "fields": {
    "storage_hash": "d26becbf46ac48eda79c7a39a13a02dd",
    "name": "images/2024/04/20/14-udachnyh-primerov-ispolzovaniya-bolshih-izobrazhenij-v-dizajne_JZMczBl.jpg.300x0_q85.png",
    "modified": "2024-04-20T01:14:28.595Z",
    "source": 24
  }
},
{
  "model": "easy_thumbnails.thumbnail",
  "pk": 48,
  "fields": {
    "storage_hash": "d26becbf46ac48eda79c7a39a13a02dd",
    "name": "images/2024/04/20/gde-vzyat-stokovye-fotografii-besplatno-15-luchshih-fotobankov_GkNkZPe.jpg.300x0_q85.jpg",
    "modified": "2024-04-20T01:16:50.504Z",
    "source": 25
  }
},
{
  "model": "easy_thumbnails.thumbnail",
  "pk": 49,
  "fields": {
    "storage_hash": "d26becbf46ac48eda79c7a39a13a02dd",
    "name": "images/2024/04/20/14-udachnyh-primerov-ispolzovaniya-bolshih-izobrazhenij-v-dizajne_JZMczBl.jpg.300x300_q85_crop-smart.png",
    "modified": "2024-04-20T01:17:09.348Z",
    "source": 24
  }
},
{
  "model": "easy_thumbnails.thumbnail",
  "pk": 50,
  "fields": {
    "storage_hash": "d26becbf46ac48eda79c7a39a13a02dd",
    "name": "images/2024/04/20/gde-vzyat-stokovye-fotografii-besplatno-15-luchshih-fotobankov_GkNkZPe.jpg.300x300_q85_crop-smart.jpg",
    "modified": "2024-04-20T01:17:09.498Z",
    "source": 25
  }
},
{
  "model": "easy_thumbnails.thumbnail",
  "pk": 51,
  "fields": {
    "storage_hash": "d26becbf46ac48eda79c7a39a13a02dd",
    "name": "images/2024/04/20/gde-vzyat-stokovye-fotografii-besplatno-15-luchshih-fotobankov_8v63JGm.jpg.300x0_q85.jpg",
    "modified": "2024-04-20T01:18:42.870Z",
    "source": 26
  }
},
{
  "model": "easy_thumbnails.thumbnail",
  "pk": 52,
  "fields": {
    "storage_hash": "d26becbf46ac48eda79c7a39a13a02dd",
    "name": "images/2024/04/20/gde-vzyat-stokovye-fotografii-besplatno-15-luchshih-fotobankov_8v63JGm.jpg.300x300_q85_crop-smart.jpg",
    "modified": "2024-04-20T01:19:50.974Z",
    "source": 26
  }
},
{
  "model": "easy_thumbnails.thumbnail",
  "pk": 53,
  "fields": {
    "storage_hash": "d26becbf46ac48eda79c7a39a13a02dd",
    "name": "images/2024/04/20/gde-vzyat-stokovye-fotografii-besplatno-15-luchshih-fotobankov_bdlnciq.jpg.300x0_q85.jpg",
    "modified": "2024-04-20T01:20:33.933Z",
    "source": 27
  }
},
{
  "model": "easy_thumbnails.thumbnail",
  "pk": 54,
  "fields": {
    "storage_hash": "d26becbf46ac48eda79c7a39a13a02dd",
    "name": "images/2024/04/20/gde-vzyat-stokovye-fotografii-besplatno-15-luchshih-fotobankov_bdlnciq.jpg.300x300_q85_crop-smart.jpg",
    "modified": "2024-04-20T01:20:41.637Z",
    "source": 27
  }
},
{
  "model": "easy_thumbnails.thumbnail",
  "pk": 55,
  "fields": {
    "storage_hash": "d26becbf46ac48eda79c7a39a13a02dd",
    "name": "images/2024/04/20/gde-vzyat-stokovye-fotografii-besplatno-15-luchshih-fotobankov_8v63JGm.jpg.80x80_q85_crop-100%.jpg",
    "modified": "2024-04-20T01:20:47.949Z",
    "source": 26
  }
},
{
  "model": "easy_thumbnails.thumbnail",
  "pk": 56,
  "fields": {
    "storage_hash": "d26becbf46ac48eda79c7a39a13a02dd",
    "name": "images/2024/04/20/gde-vzyat-stokovye-fotografii-besplatno-15-luchshih-fotobankov_GkNkZPe.jpg.80x80_q85_crop-100%.jpg",
    "modified": "2024-04-20T01:20:48.113Z",
    "source": 25
  }
},
{
  "model": "easy_thumbnails.thumbnail",
  "pk": 57,
  "fields": {
    "storage_hash": "d26becbf46ac48eda79c7a39a13a02dd",
    "name": "images/2024/04/20/14-udachnyh-primerov-ispolzovaniya-bolshih-izobrazhenij-v-dizajne_JZMczBl.jpg.80x80_q85_crop-100%.png",
    "modified": "2024-04-20T01:20:48.228Z",
    "source": 24
  }
},
{
  "model": "easy_thumbnails.thumbnail",
  "pk": 58,
  "fields": {
    "storage_hash": "d26becbf46ac48eda79c7a39a13a02dd",
    "name": "images/2024/04/20/14-udachnyh-primerov-ispolzovaniya-bolshih-izobrazhenij-v-dizajne_HouOocP.jpg.80x80_q85_crop-100%.png",
    "modified": "2024-04-20T01:20:48.341Z",
    "source": 23
  }
},
{
  "model": "easy_thumbnails.thumbnail",
  "pk": 59,
  "fields": {
    "storage_hash": "d26becbf46ac48eda79c7a39a13a02dd",
    "name": "images/2024/04/20/zhzhlol.jpg.80x80_q85_crop-100%.png",
    "modified": "2024-04-20T01:20:48.546Z",
    "source": 22
  }
},
{
  "model": "easy_thumbnails.thumbnail",
  "pk": 60,
  "fields": {
    "storage_hash": "d26becbf46ac48eda79c7a39a13a02dd",
    "name": "images/2024/04/19/14-udachnyh-primerov-ispolzovaniya-bolshih-izobrazhenij-v-dizajne_FaLfsxj.jpg.80x80_q85_crop-100%.png",
    "modified": "2024-04-20T01:20:48.669Z",
    "source": 21
  }
},
{
  "model": "easy_thumbnails.thumbnail",
  "pk": 61,
  "fields": {
    "storage_hash": "d26becbf46ac48eda79c7a39a13a02dd",
    "name": "images/2024/04/19/14-udachnyh-primerov-ispolzovaniya-bolshih-izobrazhenij-v-dizajne_8QYR4Bn.jpg.80x80_q85_crop-100%.jpg",
    "modified": "2024-04-20T01:20:48.764Z",
    "source": 20
  }
},
{
  "model": "easy_thumbnails.thumbnail",
  "pk": 62,
  "fields": {
    "storage_hash": "d26becbf46ac48eda79c7a39a13a02dd",
    "name": "images/2024/04/19/bolshie-foto-izobrazheniya-skachat-besplatno-na-freepik_61x5HK3.jpg.80x80_q85_crop-100%.png",
    "modified": "2024-04-20T01:20:48.903Z",
    "source": 19
  }
},
{
  "model": "easy_thumbnails.thumbnail",
  "pk": 63,
  "fields": {
    "storage_hash": "d26becbf46ac48eda79c7a39a13a02dd",
    "name": "images/2024/04/20/gde-vzyat-stokovye-fotografii-besplatno-15-luchshih-fotobankov_U0WMekL.jpg.300x0_q85.jpg",
    "modified": "2024-04-20T01:25:28.346Z",
    "source": 28
  }
},
{
  "model": "easy_thumbnails.thumbnail",
  "pk": 64,
  "fields": {
    "storage_hash": "d26becbf46ac48eda79c7a39a13a02dd",
    "name": "images/2024/04/20/gde-vzyat-stokovye-fotografii-besplatno-15-luchshih-fotobankov_IFlQLhu.jpg.300x0_q85.jpg",
    "modified": "2024-04-20T01:25:53.195Z",
    "source": 29
  }
},
{
  "model": "easy_thumbnails.thumbnail",
  "pk": 65,
  "fields": {
    "storage_hash": "d26becbf46ac48eda79c7a39a13a02dd",
    "name": "images/2024/04/20/gde-vzyat-stokovye-fotografii-besplatno-15-luchshih-fotobankov_U0WMekL.jpg.300x300_q85_crop-smart.jpg",
    "modified": "2024-04-20T01:26:00.319Z",
    "source": 28
  }
},
{
  "model": "easy_thumbnails.thumbnail",
  "pk": 66,
  "fields": {
    "storage_hash": "d26becbf46ac48eda79c7a39a13a02dd",
    "name": "images/2024/04/20/gde-vzyat-stokovye-fotografii-besplatno-15-luchshih-fotobankov_IFlQLhu.jpg.300x300_q85_crop-smart.jpg",
    "modified": "2024-04-20T01:26:00.405Z",
    "source": 29
  }
},
{
  "model": "easy_thumbnails.thumbnail",
  "pk": 67,
  "fields": {
    "storage_hash": "d26becbf46ac48eda79c7a39a13a02dd",
    "name": "users/2024/01/29/user_it.jpeg.80x80_q85_crop-100%.jpg",
    "modified": "2024-04-20T01:49:29.328Z",
    "source": 1
  }
},
{
  "model": "easy_thumbnails.thumbnail",
  "pk": 68,
  "fields": {
    "storage_hash": "d26becbf46ac48eda79c7a39a13a02dd",
    "name": "images/2024/04/19/14-udachnyh-primerov-ispolzovaniya-bolshih-izobrazhenij-v-dizajne.jpg.80x80_q85_crop-100%.png",
    "modified": "2024-04-20T01:49:29.525Z",
    "source": 16
  }
},
{
  "model": "easy_thumbnails.thumbnail",
  "pk": 69,
  "fields": {
    "storage_hash": "d26becbf46ac48eda79c7a39a13a02dd",
    "name": "images/2024/04/20/gde-vzyat-stokovye-fotografii-besplatno-15-luchshih-fotobankov_U0WMekL.jpg.80x80_q85_crop-100%.jpg",
    "modified": "2024-04-20T01:49:29.657Z",
    "source": 28
  }
},
{
  "model": "easy_thumbnails.thumbnail",
  "pk": 70,
  "fields": {
    "storage_hash": "d26becbf46ac48eda79c7a39a13a02dd",
    "name": "images/2024/04/20/gde-vzyat-stokovye-fotografii-besplatno-15-luchshih-fotobankov_bdlnciq.jpg.80x80_q85_crop-100%.jpg",
    "modified": "2024-04-20T01:49:29.782Z",
    "source": 27
  }
},
{
  "model": "easy_thumbnails.thumbnail",
  "pk": 71,
  "fields": {
    "storage_hash": "d26becbf46ac48eda79c7a39a13a02dd",
    "name": "images/2024/04/20/gde-vzyat-stokovye-fotografii-besplatno-15-luchshih-fotobankov_IFlQLhu.jpg.80x80_q85_crop-100%.jpg",
    "modified": "2024-04-20T01:49:29.862Z",
    "source": 29
  }
},
{
  "model": "easy_thumbnails.thumbnail",
  "pk": 72,
  "fields": {
    "storage_hash": "d26becbf46ac48eda79c7a39a13a02dd",
    "name": "images/2024/04/20/gde-vzyat-stokovye-fotografii-besplatno-15-luchshih-fotobankov_qJ7lF85.jpg.300x0_q85.jpg",
    "modified": "2024-04-20T01:58:39.611Z",
    "source": 30
  }
},
{
  "model": "easy_thumbnails.thumbnail",
  "pk": 73,
  "fields": {
    "storage_hash": "d26becbf46ac48eda79c7a39a13a02dd",
    "name": "images/2024/04/20/gde-vzyat-stokovye-fotografii-besplatno-15-luchshih-fotobankov_xC2P4qw.jpg.300x0_q85.jpg",
    "modified": "2024-04-20T01:59:07.556Z",
    "source": 31
  }
},
{
  "model": "easy_thumbnails.thumbnail",
  "pk": 74,
  "fields": {
    "storage_hash": "d26becbf46ac48eda79c7a39a13a02dd",
    "name": "images/2024/04/20/gde-vzyat-stokovye-fotografii-besplatno-15-luchshih-fotobankov_xC2P4qw.jpg.300x300_q85_crop-smart.jpg",
    "modified": "2024-04-20T01:59:35.064Z",
    "source": 31
  }
},
{
  "model": "easy_thumbnails.thumbnail",
  "pk": 75,
  "fields": {
    "storage_hash": "d26becbf46ac48eda79c7a39a13a02dd",
    "name": "images/2024/04/20/gde-vzyat-stokovye-fotografii-besplatno-15-luchshih-fotobankov_qJ7lF85.jpg.300x300_q85_crop-smart.jpg",
    "modified": "2024-04-20T01:59:35.160Z",
    "source": 30
  }
},
{
  "model": "easy_thumbnails.thumbnail",
  "pk": 76,
  "fields": {
    "storage_hash": "d26becbf46ac48eda79c7a39a13a02dd",
    "name": "images/2024/04/20/gde-vzyat-stokovye-fotografii-besplatno-15-luchshih-fotobankov_gyZow6w.jpg.300x0_q85.jpg",
    "modified": "2024-04-20T02:03:22.229Z",
    "source": 32
  }
},
{
  "model": "easy_thumbnails.thumbnail",
  "pk": 77,
  "fields": {
    "storage_hash": "d26becbf46ac48eda79c7a39a13a02dd",
    "name": "images/2024/04/20/gde-vzyat-stokovye-fotografii-besplatno-15-luchshih-fotobankov_gyZow6w.jpg.300x300_q85_crop-smart.jpg",
    "modified": "2024-04-20T02:07:56.844Z",
    "source": 32
  }
},
{
  "model": "easy_thumbnails.thumbnail",
  "pk": 78,
  "fields": {
    "storage_hash": "d26becbf46ac48eda79c7a39a13a02dd",
    "name": "images/2024/04/20/gde-vzyat-stokovye-fotografii-besplatno-15-luchshih-fotobankov_xC2P4qw.jpg.80x80_q85_crop-100%.jpg",
    "modified": "2024-04-20T02:10:23.826Z",
    "source": 31
  }
},
{
  "model": "easy_thumbnails.thumbnail",
  "pk": 79,
  "fields": {
    "storage_hash": "d26becbf46ac48eda79c7a39a13a02dd",
    "name": "images/2024/04/20/gde-vzyat-stokovye-fotografii-besplatno-15-luchshih-fotobankov_gyZow6w.jpg.80x80_q85_crop-100%.jpg",
    "modified": "2024-04-20T02:10:23.912Z",
    "source": 32
  }
},
{
  "model": "easy_thumbnails.thumbnail",
  "pk": 80,
  "fields": {
    "storage_hash": "d26becbf46ac48eda79c7a39a13a02dd",
    "name": "images/2024/04/20/gde-vzyat-stokovye-fotografii-besplatno-15-luchshih-fotobankov_qJ7lF85.jpg.80x80_q85_crop-100%.jpg",
    "modified": "2024-04-20T02:10:24.033Z",
    "source": 30
  }
},
{
  "model": "easy_thumbnails.thumbnail",
  "pk": 81,
  "fields": {
    "storage_hash": "d26becbf46ac48eda79c7a39a13a02dd",
    "name": "users/2024/01/29/user_music.jpeg.80x80_q85_crop-100%.jpg",
    "modified": "2024-04-20T02:10:24.115Z",
    "source": 4
  }
},
{
  "model": "easy_thumbnails.thumbnail",
  "pk": 82,
  "fields": {
    "storage_hash": "d26becbf46ac48eda79c7a39a13a02dd",
    "name": "images/2024/04/20/gde-vzyat-stokovye-fotografii-besplatno-15-luchshih-fotobankov_dI70X5k.jpg.300x0_q85.jpg",
    "modified": "2024-04-20T02:11:38.493Z",
    "source": 33
  }
},
{
  "model": "easy_thumbnails.thumbnail",
  "pk": 83,
  "fields": {
    "storage_hash": "d26becbf46ac48eda79c7a39a13a02dd",
    "name": "images/2024/04/20/pechat-bolshih-foto-onlajn-s-dostavkoj-v-zhesharte_ABNjaWe.jpg.300x0_q85.jpg",
    "modified": "2024-04-20T02:16:13.035Z",
    "source": 34
  }
},
{
  "model": "easy_thumbnails.thumbnail",
  "pk": 84,
  "fields": {
    "storage_hash": "d26becbf46ac48eda79c7a39a13a02dd",
    "name": "images/2024/04/20/pechat-bolshih-foto-onlajn-s-dostavkoj-v-zhesharte_ABNjaWe.jpg.300x300_q85_crop-smart.jpg",
    "modified": "2024-04-20T02:16:58.686Z",
    "source": 34
  }
},
{
  "model": "easy_thumbnails.thumbnail",
  "pk": 85,
  "fields": {
    "storage_hash": "d26becbf46ac48eda79c7a39a13a02dd",
    "name": "images/2024/04/20/pechat-bolshih-foto-onlajn-s-dostavkoj-v-zhesharte_ABNjaWe.jpg.80x80_q85_crop-100%.jpg",
    "modified": "2024-04-20T02:17:00.751Z",
    "source": 34
  }
},
{
  "model": "easy_thumbnails.thumbnail",
  "pk": 86,
  "fields": {
    "storage_hash": "d26becbf46ac48eda79c7a39a13a02dd",
    "name": "images/2024/04/20/gde-vzyat-stokovye-fotografii-besplatno-15-luchshih-fotobankov_dI70X5k.jpg.80x80_q85_crop-100%.jpg",
    "modified": "2024-04-20T02:17:00.849Z",
    "source": 33
  }
},
{
  "model": "easy_thumbnails.thumbnail",
  "pk": 87,
  "fields": {
    "storage_hash": "d26becbf46ac48eda79c7a39a13a02dd",
    "name": "images/2024/04/20/gde-vzyat-stokovye-fotografii-besplatno-15-luchshih-fotobankov_dI70X5k.jpg.300x300_q85_crop-smart.jpg",
    "modified": "2024-04-20T03:42:23.985Z",
    "source": 33
  }
},
{
  "model": "easy_thumbnails.thumbnail",
  "pk": 88,
  "fields": {
    "storage_hash": "d26becbf46ac48eda79c7a39a13a02dd",
    "name": "images/2024/04/22/django-and-duke_R1DyHiN.jpg.300x0_q85.jpg",
    "modified": "2024-04-22T18:39:56.072Z",
    "source": 35
  }
},
{
  "model": "easy_thumbnails.thumbnail",
  "pk": 89,
  "fields": {
    "storage_hash": "d26becbf46ac48eda79c7a39a13a02dd",
    "name": "images/2024/04/22/django-and-duke_R1DyHiN.jpg.300x300_q85_crop-smart.jpg",
    "modified": "2024-04-22T18:40:03.473Z",
    "source": 35
  }
},
{
  "model": "easy_thumbnails.thumbnail",
  "pk": 90,
  "fields": {
    "storage_hash": "d26becbf46ac48eda79c7a39a13a02dd",
    "name": "users/2024/04/19/Снимок_экрана_2024-04-19_в_11.19.37.png.80x80_q85_crop-100%.png",
    "modified": "2024-04-22T18:40:18.147Z",
    "source": 15
  }
},
{
  "model": "easy_thumbnails.thumbnail",
  "pk": 91,
  "fields": {
    "storage_hash": "d26becbf46ac48eda79c7a39a13a02dd",
    "name": "images/2024/04/22/amazoncom-spend-less-smile-more_9wBgKFL.jpg.300x0_q85.jpg",
    "modified": "2024-04-22T18:43:01.730Z",
    "source": 36
  }
},
{
  "model": "easy_thumbnails.thumbnail",
  "pk": 92,
  "fields": {
    "storage_hash": "d26becbf46ac48eda79c7a39a13a02dd",
    "name": "images/2024/04/22/amazoncom-spend-less-smile-more_9wBgKFL.jpg.300x300_q85_crop-smart.jpg",
    "modified": "2024-04-22T18:43:10.388Z",
    "source": 36
  }
},
{
  "model": "easy_thumbnails.thumbnail",
  "pk": 93,
  "fields": {
    "storage_hash": "d26becbf46ac48eda79c7a39a13a02dd",
    "name": "images/2024/04/22/amazoncom-spend-less-smile-more_piZzxUJ.jpg.300x0_q85.jpg",
    "modified": "2024-04-22T18:45:12.592Z",
    "source": 37
  }
},
{
  "model": "easy_thumbnails.thumbnail",
  "pk": 94,
  "fields": {
    "storage_hash": "d26becbf46ac48eda79c7a39a13a02dd",
    "name": "images/2024/04/22/amazoncom-spend-less-smile-more_piZzxUJ.jpg.300x300_q85_crop-smart.jpg",
    "modified": "2024-04-22T18:45:17.428Z",
    "source": 37
  }
},
{
  "model": "easy_thumbnails.thumbnail",
  "pk": 95,
  "fields": {
    "storage_hash": "d26becbf46ac48eda79c7a39a13a02dd",
    "name": "images/2024/04/22/amazoncom-spend-less-smile-more_ie9YH4f.jpg.300x0_q85.jpg",
    "modified": "2024-04-22T18:46:42.591Z",
    "source": 38
  }
},
{
  "model": "easy_thumbnails.thumbnail",
  "pk": 96,
  "fields": {
    "storage_hash": "d26becbf46ac48eda79c7a39a13a02dd",
    "name": "images/2024/04/22/amazoncom-spend-less-smile-more_ie9YH4f.jpg.300x300_q85_crop-smart.jpg",
    "modified": "2024-04-22T18:46:45.802Z",
    "source": 38
  }
},
{
  "model": "easy_thumbnails.thumbnail",
  "pk": 97,
  "fields": {
    "storage_hash": "d26becbf46ac48eda79c7a39a13a02dd",
    "name": "images/2024/04/22/amazoncom-spend-less-smile-more_piZzxUJ.jpg.80x80_q85_crop-100%.jpg",
    "modified": "2024-04-22T18:46:48.328Z",
    "source": 37
  }
},
{
  "model": "easy_thumbnails.thumbnail",
  "pk": 98,
  "fields": {
    "storage_hash": "d26becbf46ac48eda79c7a39a13a02dd",
    "name": "images/2024/04/22/amazoncom-spend-less-smile-more_9wBgKFL.jpg.80x80_q85_crop-100%.jpg",
    "modified": "2024-04-22T18:46:48.396Z",
    "source": 36
  }
},
{
  "model": "easy_thumbnails.thumbnail",
  "pk": 99,
  "fields": {
    "storage_hash": "d26becbf46ac48eda79c7a39a13a02dd",
    "name": "images/2024/04/22/django-and-duke_R1DyHiN.jpg.80x80_q85_crop-100%.jpg",
    "modified": "2024-04-22T18:46:48.467Z",
    "source": 35
  }
},
{
  "model": "easy_thumbnails.thumbnail",
  "pk": 100,
  "fields": {
    "storage_hash": "d26becbf46ac48eda79c7a39a13a02dd",
    "name": "images/2024/04/22/10-servisov-s-kartinkami-dlya-prezentacij-gde-kachat-izobrazheniya-iko_wxa3ykK.jpg.300x0_q85.png",
    "modified": "2024-04-22T18:49:15.987Z",
    "source": 39
  }
},
{
  "model": "easy_thumbnails.thumbnail",
  "pk": 101,
  "fields": {
    "storage_hash": "d26becbf46ac48eda79c7a39a13a02dd",
    "name": "images/2024/04/22/10-servisov-s-kartinkami-dlya-prezentacij-gde-kachat-izobrazheniya-iko_wxa3ykK.jpg.300x300_q85_crop-smart.png",
    "modified": "2024-04-22T18:49:22.936Z",
    "source": 39
  }
},
{
  "model": "easy_thumbnails.thumbnail",
  "pk": 102,
  "fields": {
    "storage_hash": "d26becbf46ac48eda79c7a39a13a02dd",
    "name": "images/2024/04/22/10-252-672-rez-po-zaprosu-prezentaciya-izobrazheniya-stokovye-fotograf_0axIHQV.jpg.300x0_q85.jpg",
    "modified": "2024-04-22T18:58:32.103Z",
    "source": 40
  }
},
{
  "model": "easy_thumbnails.thumbnail",
  "pk": 103,
  "fields": {
    "storage_hash": "d26becbf46ac48eda79c7a39a13a02dd",
    "name": "images/2024/04/22/10-252-672-rez-po-zaprosu-prezentaciya-izobrazheniya-stokovye-fotograf_0axIHQV.jpg.300x300_q85_crop-smart.jpg",
    "modified": "2024-04-22T18:58:51.196Z",
    "source": 40
  }
},
{
  "model": "easy_thumbnails.thumbnail",
  "pk": 104,
  "fields": {
    "storage_hash": "d26becbf46ac48eda79c7a39a13a02dd",
    "name": "images/2024/04/22/7-besplatnyh_neVCnH8.jpg.300x0_q85.jpg",
    "modified": "2024-04-22T19:03:13.857Z",
    "source": 41
  }
},
{
  "model": "easy_thumbnails.thumbnail",
  "pk": 105,
  "fields": {
    "storage_hash": "d26becbf46ac48eda79c7a39a13a02dd",
    "name": "images/2024/04/22/10-252-672-rez-po-zaprosu-prezentaciya-izobrazheniya-stokovye-fotograf_0axIHQV.jpg.80x80_q85_crop-100%.jpg",
    "modified": "2024-04-22T19:03:28.136Z",
    "source": 40
  }
},
{
  "model": "easy_thumbnails.thumbnail",
  "pk": 106,
  "fields": {
    "storage_hash": "d26becbf46ac48eda79c7a39a13a02dd",
    "name": "images/2024/04/22/10-servisov-s-kartinkami-dlya-prezentacij-gde-kachat-izobrazheniya-iko_wxa3ykK.jpg.80x80_q85_crop-100%.png",
    "modified": "2024-04-22T19:03:28.227Z",
    "source": 39
  }
},
{
  "model": "easy_thumbnails.thumbnail",
  "pk": 107,
  "fields": {
    "storage_hash": "d26becbf46ac48eda79c7a39a13a02dd",
    "name": "images/2024/04/22/amazoncom-spend-less-smile-more_ie9YH4f.jpg.80x80_q85_crop-100%.jpg",
    "modified": "2024-04-22T19:03:28.305Z",
    "source": 38
  }
},
{
  "model": "easy_thumbnails.thumbnail",
  "pk": 108,
  "fields": {
    "storage_hash": "d26becbf46ac48eda79c7a39a13a02dd",
    "name": "images/2024/04/22/7-besplatnyh-fotosto_jpb8Pgx.jpg.300x0_q85.jpg",
    "modified": "2024-04-22T19:06:37.799Z",
    "source": 42
  }
},
{
  "model": "easy_thumbnails.thumbnail",
  "pk": 109,
  "fields": {
    "storage_hash": "d26becbf46ac48eda79c7a39a13a02dd",
    "name": "images/2024/04/22/7-besplatnyh_neVCnH8.jpg.300x300_q85_crop-smart.jpg",
    "modified": "2024-04-22T19:06:42.983Z",
    "source": 41
  }
},
{
  "model": "easy_thumbnails.thumbnail",
  "pk": 110,
  "fields": {
    "storage_hash": "d26becbf46ac48eda79c7a39a13a02dd",
    "name": "images/2024/04/22/7-besplatnyh-fotosto_jpb8Pgx.jpg.300x300_q85_crop-smart.jpg",
    "modified": "2024-04-22T19:06:43.092Z",
    "source": 42
  }
},
{
  "model": "easy_thumbnails.thumbnail",
  "pk": 111,
  "fields": {
    "storage_hash": "d26becbf46ac48eda79c7a39a13a02dd",
    "name": "images/2024/04/22/7-besplatnyh_neVCnH8.jpg.80x80_q85_crop-100%.jpg",
    "modified": "2024-04-22T19:06:55.066Z",
    "source": 41
  }
},
{
  "model": "easy_thumbnails.thumbnail",
  "pk": 112,
  "fields": {
    "storage_hash": "d26becbf46ac48eda79c7a39a13a02dd",
    "name": "images/2024/04/22/testy_V1hgMil.jpg.300x0_q85.jpg",
    "modified": "2024-04-22T19:34:15.537Z",
    "source": 43
  }
},
{
  "model": "easy_thumbnails.thumbnail",
  "pk": 113,
  "fields": {
    "storage_hash": "d26becbf46ac48eda79c7a39a13a02dd",
    "name": "users/2024/01/29/user_marketing.jpeg.80x80_q85_crop-100%.jpg",
    "modified": "2024-04-22T19:35:08.160Z",
    "source": 2
  }
},
{
  "model": "easy_thumbnails.thumbnail",
  "pk": 114,
  "fields": {
    "storage_hash": "d26becbf46ac48eda79c7a39a13a02dd",
    "name": "images/2024/04/22/testy_V1hgMil.jpg.80x80_q85_crop-100%.jpg",
    "modified": "2024-04-22T19:35:08.258Z",
    "source": 43
  }
},
{
  "model": "easy_thumbnails.thumbnail",
  "pk": 115,
  "fields": {
    "storage_hash": "d26becbf46ac48eda79c7a39a13a02dd",
    "name": "images/2024/04/22/7-besplatnyh-fotosto_jpb8Pgx.jpg.80x80_q85_crop-100%.jpg",
    "modified": "2024-04-22T19:35:08.365Z",
    "source": 42
  }
},
{
  "model": "easy_thumbnails.thumbnail",
  "pk": 116,
  "fields": {
    "storage_hash": "d26becbf46ac48eda79c7a39a13a02dd",
    "name": "images/2024/04/22/bookmark-an-image_Zjni4WE.jpg.300x0_q85.jpg",
    "modified": "2024-04-22T20:08:39.590Z",
    "source": 44
  }
},
{
  "model": "easy_thumbnails.thumbnail",
  "pk": 117,
  "fields": {
    "storage_hash": "d26becbf46ac48eda79c7a39a13a02dd",
    "name": "images/2024/04/22/testy_V1hgMil.jpg.300x300_q85_crop-smart.jpg",
    "modified": "2024-04-22T20:13:27.902Z",
    "source": 43
  }
},
{
  "model": "easy_thumbnails.thumbnail",
  "pk": 118,
  "fields": {
    "storage_hash": "d26becbf46ac48eda79c7a39a13a02dd",
    "name": "images/2024/04/22/bookmark-an-image_Zjni4WE.jpg.300x300_q85_crop-smart.jpg",
    "modified": "2024-04-22T20:13:48.893Z",
    "source": 44
  }
},
{
  "model": "easy_thumbnails.thumbnail",
  "pk": 119,
  "fields": {
    "storage_hash": "d26becbf46ac48eda79c7a39a13a02dd",
    "name": "products/2024/04/17/Регнум_97h9Jkh.png.300x300_q85_crop-smart.png",
    "modified": "2024-04-23T03:43:24.598Z",
    "source": 45
  }
},
{
  "model": "easy_thumbnails.thumbnail",
  "pk": 120,
  "fields": {
    "storage_hash": "d26becbf46ac48eda79c7a39a13a02dd",
    "name": "products/2024/04/17/Омега_aBthpm6.png.300x300_q85_crop-smart.png",
    "modified": "2024-04-23T03:43:24.864Z",
    "source": 46
  }
},
{
  "model": "easy_thumbnails.thumbnail",
  "pk": 121,
  "fields": {
    "storage_hash": "d26becbf46ac48eda79c7a39a13a02dd",
    "name": "products/2024/04/17/Амбер_ixuIeh4.png.300x300_q85_crop-smart.png",
    "modified": "2024-04-23T03:43:25.043Z",
    "source": 47
  }
},
{
  "model": "easy_thumbnails.thumbnail",
  "pk": 122,
  "fields": {
    "storage_hash": "d26becbf46ac48eda79c7a39a13a02dd",
    "name": "products/2024/04/17/Кидвилл_zLLspsb.png.300x300_q85_crop-smart.png",
    "modified": "2024-04-23T03:43:25.195Z",
    "source": 48
  }
},
{
  "model": "easy_thumbnails.thumbnail",
  "pk": 123,
  "fields": {
    "storage_hash": "d26becbf46ac48eda79c7a39a13a02dd",
    "name": "products/2024/04/17/Регнум_97h9Jkh.png.300x0_q85_crop-smart.png",
    "modified": "2024-04-23T03:44:38.182Z",
    "source": 45
  }
},
{
  "model": "easy_thumbnails.thumbnail",
  "pk": 124,
  "fields": {
    "storage_hash": "d26becbf46ac48eda79c7a39a13a02dd",
    "name": "products/2024/04/17/Омега_aBthpm6.png.300x0_q85_crop-smart.png",
    "modified": "2024-04-23T03:44:38.546Z",
    "source": 46
  }
},
{
  "model": "easy_thumbnails.thumbnail",
  "pk": 125,
  "fields": {
    "storage_hash": "d26becbf46ac48eda79c7a39a13a02dd",
    "name": "products/2024/04/17/Амбер_ixuIeh4.png.300x0_q85_crop-smart.png",
    "modified": "2024-04-23T03:44:38.732Z",
    "source": 47
  }
},
{
  "model": "easy_thumbnails.thumbnail",
  "pk": 126,
  "fields": {
    "storage_hash": "d26becbf46ac48eda79c7a39a13a02dd",
    "name": "products/2024/04/17/Кидвилл_zLLspsb.png.300x0_q85_crop-smart.png",
    "modified": "2024-04-23T03:44:38.929Z",
    "source": 48
  }
},
{
  "model": "easy_thumbnails.thumbnail",
  "pk": 127,
  "fields": {
    "storage_hash": "d26becbf46ac48eda79c7a39a13a02dd",
    "name": "products/2024/04/17/Регнум_97h9Jkh.png.200x200_q85_crop-smart.png",
    "modified": "2024-04-23T03:45:21.930Z",
    "source": 45
  }
},
{
  "model": "easy_thumbnails.thumbnail",
  "pk": 128,
  "fields": {
    "storage_hash": "d26becbf46ac48eda79c7a39a13a02dd",
    "name": "products/2024/04/17/Омега_aBthpm6.png.200x200_q85_crop-smart.png",
    "modified": "2024-04-23T03:45:22.080Z",
    "source": 46
  }
},
{
  "model": "easy_thumbnails.thumbnail",
  "pk": 129,
  "fields": {
    "storage_hash": "d26becbf46ac48eda79c7a39a13a02dd",
    "name": "products/2024/04/17/Амбер_ixuIeh4.png.200x200_q85_crop-smart.png",
    "modified": "2024-04-23T03:45:22.211Z",
    "source": 47
  }
},
{
  "model": "easy_thumbnails.thumbnail",
  "pk": 130,
  "fields": {
    "storage_hash": "d26becbf46ac48eda79c7a39a13a02dd",
    "name": "products/2024/04/17/Кидвилл_zLLspsb.png.200x200_q85_crop-smart.png",
    "modified": "2024-04-23T03:45:22.340Z",
    "source": 48
  }
},
{
  "model": "easy_thumbnails.thumbnail",
  "pk": 131,
  "fields": {
    "storage_hash": "d26becbf46ac48eda79c7a39a13a02dd",
    "name": "products/2024/04/23/Снимок_экрана_2024-04-23_в_06.56.29.png.300x300_q85_crop-smart.png",
    "modified": "2024-04-23T03:57:40.822Z",
    "source": 49
  }
},
{
  "model": "easy_thumbnails.thumbnail",
  "pk": 132,
  "fields": {
    "storage_hash": "d26becbf46ac48eda79c7a39a13a02dd",
    "name": "products/2024/04/23/FullSizeRender10.jpg.300x300_q85_crop-smart.jpg",
    "modified": "2024-04-23T04:00:07.604Z",
    "source": 50
  }
},
{
  "model": "easy_thumbnails.thumbnail",
  "pk": 133,
  "fields": {
    "storage_hash": "d26becbf46ac48eda79c7a39a13a02dd",
    "name": "products/2024/04/23/FullSizeRender.jpg.300x300_q85_crop-smart.jpg",
    "modified": "2024-04-23T04:05:52.638Z",
    "source": 51
  }
},
{
  "model": "easy_thumbnails.thumbnail",
  "pk": 134,
  "fields": {
    "storage_hash": "d26becbf46ac48eda79c7a39a13a02dd",
    "name": "images/2024/04/22/bookmark-an-image_Zjni4WE.jpg.80x80_q85_crop-100%.jpg",
    "modified": "2024-04-23T04:37:36.500Z",
    "source": 44
  }
},
{
  "model": "easy_thumbnails.thumbnail",
  "pk": 135,
  "fields": {
    "storage_hash": "d26becbf46ac48eda79c7a39a13a02dd",
    "name": "users/2024/04/23/Снимок_экрана_2024-04-23_в_08.39.25.png.180x180_q85.png",
    "modified": "2024-04-23T05:40:36.924Z",
    "source": 52
  }
}
]
